origin_zip3,destination_zip3,trailer_type,carrier_type,lane,rate_without_fuel,rate_with_fuel,fuel_surcharge,fuel_surcharge_pct
21,100,Flatbed,Asset,21 -> 100,5.19,5.58,0.3899999999999997,7.514450867052017
21,100,Flatbed,Broker,21 -> 100,4.49,4.93,0.4399999999999995,9.799554565701547
21,100,Reefer,Asset,21 -> 100,0.0,0.0,0.0,
21,100,Reefer,Broker,21 -> 100,4.13,4.57,0.4400000000000004,10.653753026634392
21,100,Van,Asset,21 -> 100,3.9,4.36,0.4600000000000004,11.794871794871806
21,100,Van,Broker,21 -> 100,3.91,4.35,0.4399999999999995,11.25319693094628
100,21,Flatbed,Asset,100 -> 21,0.0,0.0,0.0,
100,21,Flatbed,Broker,100 -> 21,5.17,5.62,0.4500000000000002,8.704061895551261
100,21,Reefer,Asset,100 -> 21,0.0,0.0,0.0,
100,21,Reefer,Broker,100 -> 21,4.81,5.27,0.45999999999999996,9.563409563409564
100,21,Van,Asset,100 -> 21,5.06,5.52,0.45999999999999996,9.090909090909092
100,21,Van,Broker,100 -> 21,4.54,4.98,0.4400000000000004,9.691629955947146
100,191,Flatbed,Asset,100 -> 191,2.54,2.98,0.43999999999999995,17.32283464566929
100,191,Flatbed,Broker,100 -> 191,5.69,6.15,0.45999999999999996,8.084358523725834
100,191,Reefer,Asset,100 -> 191,0.0,0.0,0.0,
100,191,Reefer,Broker,100 -> 191,5.01,5.46,0.4500000000000002,8.982035928143716
100,191,Van,Asset,100 -> 191,6.29,6.74,0.4500000000000002,7.15421303656598
100,191,Van,Broker,100 -> 191,5.19,5.63,0.4399999999999995,8.477842003853555
100,212,Flatbed,Asset,100 -> 212,4.64,5.08,0.4400000000000004,9.482758620689664
100,212,Flatbed,Broker,100 -> 212,3.51,3.98,0.4700000000000002,13.390313390313397
100,212,Reefer,Asset,100 -> 212,0.0,0.0,0.0,
100,212,Reefer,Broker,100 -> 212,4.93,5.39,0.45999999999999996,9.330628803245435
100,212,Van,Asset,100 -> 212,3.62,4.05,0.4299999999999997,11.878453038674024
100,212,Van,Broker,100 -> 212,4.79,5.23,0.4400000000000004,9.185803757828818
100,303,Flatbed,Asset,100 -> 303,0.0,0.0,0.0,
100,303,Flatbed,Broker,100 -> 303,2.01,2.47,0.4600000000000004,22.885572139303505
100,303,Reefer,Asset,100 -> 303,0.0,0.0,0.0,
100,303,Reefer,Broker,100 -> 303,2.24,2.7,0.45999999999999996,20.53571428571428
100,303,Van,Asset,100 -> 303,1.94,2.37,0.43000000000000016,22.164948453608257
100,303,Van,Broker,100 -> 303,1.77,2.21,0.43999999999999995,24.85875706214689
100,331,Flatbed,Asset,100 -> 331,0.0,0.0,0.0,
100,331,Flatbed,Broker,100 -> 331,1.88,2.31,0.43000000000000016,22.872340425531927
100,331,Reefer,Asset,100 -> 331,0.0,0.0,0.0,
100,331,Reefer,Broker,100 -> 331,2.4,2.86,0.45999999999999996,19.166666666666664
100,331,Van,Asset,100 -> 331,2.07,2.51,0.43999999999999995,21.256038647342994
100,331,Van,Broker,100 -> 331,2.4,2.86,0.45999999999999996,19.166666666666664
100,606,Flatbed,Asset,100 -> 606,0.0,0.0,0.0,
100,606,Flatbed,Broker,100 -> 606,1.52,1.98,0.45999999999999996,30.263157894736842
100,606,Reefer,Asset,100 -> 606,0.0,0.0,0.0,
100,606,Reefer,Broker,100 -> 606,1.81,2.28,0.46999999999999975,25.966850828729264
100,606,Van,Asset,100 -> 606,0.0,0.0,0.0,
100,606,Van,Broker,100 -> 606,1.51,1.95,0.43999999999999995,29.13907284768212
100,750,Flatbed,Asset,100 -> 750,0.0,0.0,0.0,
100,750,Flatbed,Broker,100 -> 750,0.0,0.0,0.0,
100,750,Reefer,Asset,100 -> 750,0.0,0.0,0.0,
100,750,Reefer,Broker,100 -> 750,1.28,1.73,0.44999999999999996,35.15624999999999
100,750,Van,Asset,100 -> 750,1.23,1.71,0.48,39.02439024390244
100,750,Van,Broker,100 -> 750,2.16,2.62,0.45999999999999996,21.296296296296294
100,770,Flatbed,Asset,100 -> 770,0.0,0.0,0.0,
100,770,Flatbed,Broker,100 -> 770,1.47,1.92,0.44999999999999996,30.61224489795918
100,770,Reefer,Asset,100 -> 770,0.0,0.0,0.0,
100,770,Reefer,Broker,100 -> 770,0.0,0.0,0.0,
100,770,Van,Asset,100 -> 770,1.27,1.71,0.43999999999999995,34.64566929133858
100,770,Van,Broker,100 -> 770,1.14,1.6,0.4600000000000002,40.35087719298247
100,900,Flatbed,Asset,100 -> 900,0.0,0.0,0.0,
100,900,Flatbed,Broker,100 -> 900,0.0,0.0,0.0,
100,900,Reefer,Asset,100 -> 900,0.0,0.0,0.0,
100,900,Reefer,Broker,100 -> 900,0.0,0.0,0.0,
100,900,Van,Asset,100 -> 900,0.0,0.0,0.0,
100,900,Van,Broker,100 -> 900,1.03,1.48,0.44999999999999996,43.689320388349515
100,981,Flatbed,Asset,100 -> 981,0.0,0.0,0.0,
100,981,Flatbed,Broker,100 -> 981,0.0,0.0,0.0,
100,981,Reefer,Asset,100 -> 981,0.0,0.0,0.0,
100,981,Reefer,Broker,100 -> 981,0.0,0.0,0.0,
100,981,Van,Asset,100 -> 981,0.0,0.0,0.0,
100,981,Van,Broker,100 -> 981,0.0,0.0,0.0,
191,100,Flatbed,Asset,191 -> 100,8.24,9.39,1.1500000000000004,13.956310679611656
191,100,Flatbed,Broker,191 -> 100,7.91,8.35,0.4399999999999995,5.562579013906442
191,100,Reefer,Asset,191 -> 100,0.0,0.0,0.0,
191,100,Reefer,Broker,191 -> 100,7.37,7.81,0.4399999999999995,5.9701492537313365
191,100,Van,Asset,191 -> 100,6.15,6.6,0.4499999999999993,7.317073170731696
191,100,Van,Broker,191 -> 100,6.84,7.28,0.4400000000000004,6.432748538011701
191,303,Flatbed,Asset,191 -> 303,1.81,2.22,0.41000000000000014,22.651933701657466
191,303,Flatbed,Broker,191 -> 303,1.51,1.96,0.44999999999999996,29.801324503311257
191,303,Reefer,Asset,191 -> 303,2.22,2.6,0.3799999999999999,17.11711711711711
191,303,Reefer,Broker,191 -> 303,2.48,2.93,0.4500000000000002,18.145161290322587
191,303,Van,Asset,191 -> 303,1.97,2.39,0.42000000000000015,21.31979695431473
191,303,Van,Broker,191 -> 303,2.16,2.59,0.4299999999999997,19.907407407407394
191,606,Flatbed,Asset,191 -> 606,1.79,2.15,0.3599999999999999,20.111731843575413
191,606,Flatbed,Broker,191 -> 606,1.59,2.04,0.44999999999999996,28.301886792452823
191,606,Reefer,Asset,191 -> 606,1.61,2.07,0.45999999999999974,28.57142857142855
191,606,Reefer,Broker,191 -> 606,1.64,2.08,0.44000000000000017,26.82926829268294
191,606,Van,Asset,191 -> 606,1.26,1.72,0.45999999999999996,36.507936507936506
191,606,Van,Broker,191 -> 606,1.12,1.56,0.43999999999999995,39.28571428571428
212,100,Flatbed,Asset,212 -> 100,5.83,6.42,0.5899999999999999,10.120068610634645
212,100,Flatbed,Broker,212 -> 100,5.28,5.72,0.4399999999999995,8.333333333333323
212,100,Reefer,Asset,212 -> 100,0.0,0.0,0.0,
212,100,Reefer,Broker,212 -> 100,5.94,6.4,0.45999999999999996,7.744107744107744
212,100,Van,Asset,212 -> 100,5.02,5.39,0.3700000000000001,7.370517928286856
212,100,Van,Broker,212 -> 100,5.08,5.52,0.4399999999999995,8.661417322834636
282,303,Flatbed,Asset,282 -> 303,3.72,4.28,0.56,15.053763440860216
282,303,Flatbed,Broker,282 -> 303,2.75,3.19,0.43999999999999995,15.999999999999998
282,303,Reefer,Asset,282 -> 303,4.3,4.85,0.5499999999999998,12.790697674418603
282,303,Reefer,Broker,282 -> 303,3.4,3.84,0.43999999999999995,12.941176470588234
282,303,Van,Asset,282 -> 303,2.95,3.45,0.5,16.94915254237288
282,303,Van,Broker,282 -> 303,2.96,3.4,0.43999999999999995,14.864864864864863
303,100,Flatbed,Asset,303 -> 100,3.47,3.97,0.5,14.409221902017292
303,100,Flatbed,Broker,303 -> 100,2.78,3.24,0.4600000000000004,16.546762589928075
303,100,Reefer,Asset,303 -> 100,0.0,0.0,0.0,
303,100,Reefer,Broker,303 -> 100,2.19,2.64,0.4500000000000002,20.54794520547946
303,100,Van,Asset,303 -> 100,2.94,3.41,0.4700000000000002,15.986394557823136
303,100,Van,Broker,303 -> 100,2.14,2.58,0.43999999999999995,20.5607476635514
303,191,Flatbed,Asset,303 -> 191,3.52,3.95,0.43000000000000016,12.215909090909095
303,191,Flatbed,Broker,303 -> 191,2.32,2.77,0.4500000000000002,19.39655172413794
303,191,Reefer,Asset,303 -> 191,2.27,2.69,0.41999999999999993,18.502202643171803
303,191,Reefer,Broker,303 -> 191,2.26,2.7,0.4400000000000004,19.469026548672584
303,191,Van,Asset,303 -> 191,2.04,2.47,0.43000000000000016,21.078431372549026
303,191,Van,Broker,303 -> 191,2.23,2.68,0.4500000000000002,20.179372197309426
303,282,Flatbed,Asset,303 -> 282,3.73,4.2,0.4700000000000002,12.600536193029496
303,282,Flatbed,Broker,303 -> 282,3.14,3.57,0.4299999999999997,13.694267515923558
303,282,Reefer,Asset,303 -> 282,4.07,4.58,0.5099999999999998,12.530712530712524
303,282,Reefer,Broker,303 -> 282,4.02,4.46,0.4400000000000004,10.945273631840807
303,282,Van,Asset,303 -> 282,2.78,3.22,0.4400000000000004,15.827338129496418
303,282,Van,Broker,303 -> 282,2.67,3.11,0.43999999999999995,16.479400749063668
303,331,Flatbed,Asset,303 -> 331,2.95,3.44,0.48999999999999977,16.610169491525415
303,331,Flatbed,Broker,303 -> 331,2.7,3.13,0.4299999999999997,15.925925925925915
303,331,Reefer,Asset,303 -> 331,3.08,3.63,0.5499999999999998,17.85714285714285
303,331,Reefer,Broker,303 -> 331,2.69,3.12,0.43000000000000016,15.985130111524171
303,331,Van,Asset,303 -> 331,2.9,3.31,0.41000000000000014,14.137931034482765
303,331,Van,Broker,303 -> 331,2.67,3.12,0.4500000000000002,16.85393258426967
303,372,Flatbed,Asset,303 -> 372,3.13,3.63,0.5,15.974440894568689
303,372,Flatbed,Broker,303 -> 372,3.18,3.6,0.41999999999999993,13.207547169811317
303,372,Reefer,Asset,303 -> 372,3.33,3.81,0.48,14.414414414414415
303,372,Reefer,Broker,303 -> 372,3.19,3.63,0.43999999999999995,13.793103448275861
303,372,Van,Asset,303 -> 372,2.5,2.87,0.3700000000000001,14.800000000000004
303,372,Van,Broker,303 -> 372,2.76,3.2,0.4400000000000004,15.942028985507262
303,381,Flatbed,Asset,303 -> 381,2.55,3.01,0.45999999999999996,18.03921568627451
303,381,Flatbed,Broker,303 -> 381,2.21,2.65,0.43999999999999995,19.90950226244344
303,381,Reefer,Asset,303 -> 381,3.4,3.87,0.4700000000000002,13.823529411764712
303,381,Reefer,Broker,303 -> 381,2.48,2.91,0.43000000000000016,17.338709677419363
303,381,Van,Asset,303 -> 381,1.74,2.18,0.44000000000000017,25.287356321839088
303,381,Van,Broker,303 -> 381,1.55,1.99,0.43999999999999995,28.387096774193544
303,432,Flatbed,Asset,303 -> 432,2.44,2.85,0.41000000000000014,16.803278688524596
303,432,Flatbed,Broker,303 -> 432,2.16,2.6,0.43999999999999995,20.370370370370367
303,432,Reefer,Asset,303 -> 432,2.06,2.48,0.41999999999999993,20.388349514563103
303,432,Reefer,Broker,303 -> 432,2.3,2.72,0.4200000000000004,18.26086956521741
303,432,Van,Asset,303 -> 432,1.88,2.3,0.41999999999999993,22.34042553191489
303,432,Van,Broker,303 -> 432,1.52,1.96,0.43999999999999995,28.947368421052627
303,606,Flatbed,Asset,303 -> 606,2.27,2.67,0.3999999999999999,17.621145374449334
303,606,Flatbed,Broker,303 -> 606,2.01,2.45,0.4400000000000004,21.890547263681615
303,606,Reefer,Asset,303 -> 606,1.42,1.97,0.55,38.732394366197184
303,606,Reefer,Broker,303 -> 606,1.51,1.95,0.43999999999999995,29.13907284768212
303,606,Van,Asset,303 -> 606,1.31,1.74,0.42999999999999994,32.82442748091602
303,606,Van,Broker,303 -> 606,1.13,1.57,0.44000000000000017,38.93805309734515
303,750,Flatbed,Asset,303 -> 750,2.5,2.95,0.4500000000000002,18.000000000000007
303,750,Flatbed,Broker,303 -> 750,1.71,2.15,0.43999999999999995,25.730994152046783
303,750,Reefer,Asset,303 -> 750,1.68,2.08,0.40000000000000013,23.80952380952382
303,750,Reefer,Broker,303 -> 750,1.72,2.16,0.44000000000000017,25.581395348837223
303,750,Van,Asset,303 -> 750,1.5,1.9,0.3999999999999999,26.66666666666666
303,750,Van,Broker,303 -> 750,1.23,1.69,0.45999999999999996,37.39837398373984
303,770,Flatbed,Asset,303 -> 770,2.35,2.81,0.45999999999999996,19.574468085106382
303,770,Flatbed,Broker,303 -> 770,1.54,1.98,0.43999999999999995,28.57142857142857
303,770,Reefer,Asset,303 -> 770,1.48,1.96,0.48,32.432432432432435
303,770,Reefer,Broker,303 -> 770,1.6,2.04,0.43999999999999995,27.499999999999996
303,770,Van,Asset,303 -> 770,1.46,1.9,0.43999999999999995,30.136986301369863
303,770,Van,Broker,303 -> 770,1.31,1.76,0.44999999999999996,34.351145038167935
303,850,Flatbed,Asset,303 -> 850,2.26,2.73,0.4700000000000002,20.79646017699116
303,850,Flatbed,Broker,303 -> 850,1.88,2.34,0.45999999999999996,24.46808510638298
303,850,Reefer,Asset,303 -> 850,1.44,1.91,0.47,32.63888888888889
303,850,Reefer,Broker,303 -> 850,1.11,1.55,0.43999999999999995,39.639639639639626
303,850,Van,Asset,303 -> 850,1.39,1.85,0.4600000000000002,33.09352517985613
303,850,Van,Broker,303 -> 850,1.24,1.67,0.42999999999999994,34.677419354838705
303,981,Flatbed,Asset,303 -> 981,0.0,0.0,0.0,
303,981,Flatbed,Broker,303 -> 981,1.23,1.68,0.44999999999999996,36.58536585365854
303,981,Reefer,Asset,303 -> 981,1.77,2.22,0.4500000000000002,25.423728813559332
303,981,Reefer,Broker,303 -> 981,1.28,1.72,0.43999999999999995,34.37499999999999
303,981,Van,Asset,303 -> 981,1.94,2.35,0.41000000000000014,21.134020618556708
303,981,Van,Broker,303 -> 981,1.61,2.04,0.42999999999999994,26.708074534161486
331,100,Flatbed,Asset,331 -> 100,0.0,0.0,0.0,
331,100,Flatbed,Broker,331 -> 100,1.53,1.99,0.45999999999999996,30.065359477124183
331,100,Reefer,Asset,331 -> 100,0.0,0.0,0.0,
331,100,Reefer,Broker,331 -> 100,1.87,2.31,0.43999999999999995,23.52941176470588
331,100,Van,Asset,331 -> 100,1.53,1.94,0.4099999999999999,26.797385620915026
331,100,Van,Broker,331 -> 100,1.56,2.01,0.44999999999999973,28.846153846153825
331,303,Flatbed,Asset,331 -> 303,1.72,2.16,0.44000000000000017,25.581395348837223
331,303,Flatbed,Broker,331 -> 303,1.06,1.51,0.44999999999999996,42.45283018867924
331,303,Reefer,Asset,331 -> 303,1.32,1.76,0.43999999999999995,33.33333333333333
331,303,Reefer,Broker,331 -> 303,1.07,1.51,0.43999999999999995,41.1214953271028
331,303,Van,Asset,331 -> 303,1.27,1.69,0.41999999999999993,33.070866141732274
331,303,Van,Broker,331 -> 303,0.58,1.02,0.44000000000000006,75.86206896551727
331,336,Flatbed,Asset,331 -> 336,2.52,3.01,0.48999999999999977,19.444444444444436
331,336,Flatbed,Broker,331 -> 336,2.41,2.85,0.43999999999999995,18.257261410788377
331,336,Reefer,Asset,331 -> 336,3.6,4.06,0.4599999999999995,12.777777777777763
331,336,Reefer,Broker,331 -> 336,3.55,3.99,0.4400000000000004,12.39436619718311
331,336,Van,Asset,331 -> 336,2.55,2.97,0.4200000000000004,16.470588235294134
331,336,Van,Broker,331 -> 336,1.56,2.0,0.43999999999999995,28.2051282051282
331,606,Flatbed,Asset,331 -> 606,0.0,0.0,0.0,
331,606,Flatbed,Broker,331 -> 606,1.19,1.64,0.44999999999999996,37.81512605042017
331,606,Reefer,Asset,331 -> 606,1.12,1.62,0.5,44.64285714285714
331,606,Reefer,Broker,331 -> 606,0.92,1.37,0.45000000000000007,48.913043478260875
331,606,Van,Asset,331 -> 606,0.8,1.25,0.44999999999999996,56.249999999999986
331,606,Van,Broker,331 -> 606,0.97,1.41,0.43999999999999995,45.360824742268036
331,750,Flatbed,Asset,331 -> 750,1.63,2.07,0.43999999999999995,26.993865030674847
331,750,Flatbed,Broker,331 -> 750,1.11,1.56,0.44999999999999996,40.54054054054053
331,750,Reefer,Asset,331 -> 750,1.04,1.45,0.4099999999999999,39.42307692307692
331,750,Reefer,Broker,331 -> 750,1.06,1.51,0.44999999999999996,42.45283018867924
331,750,Van,Asset,331 -> 750,0.66,1.11,0.45000000000000007,68.18181818181819
331,750,Van,Broker,331 -> 750,0.75,1.19,0.43999999999999995,58.66666666666666
331,770,Flatbed,Asset,331 -> 770,1.99,2.44,0.44999999999999996,22.613065326633162
331,770,Flatbed,Broker,331 -> 770,1.61,2.07,0.45999999999999974,28.57142857142855
331,770,Reefer,Asset,331 -> 770,1.09,1.5,0.4099999999999999,37.61467889908256
331,770,Reefer,Broker,331 -> 770,1.07,1.52,0.44999999999999996,42.05607476635513
331,770,Van,Asset,331 -> 770,0.67,1.11,0.44000000000000006,65.67164179104478
331,770,Van,Broker,331 -> 770,0.83,1.28,0.45000000000000007,54.216867469879524
336,331,Flatbed,Asset,336 -> 331,4.22,4.65,0.4300000000000006,10.189573459715655
336,331,Flatbed,Broker,336 -> 331,3.59,4.06,0.46999999999999975,13.091922005571025
336,331,Reefer,Asset,336 -> 331,3.95,4.38,0.4299999999999997,10.886075949367081
336,331,Reefer,Broker,336 -> 331,3.29,3.73,0.43999999999999995,13.37386018237082
336,331,Van,Asset,336 -> 331,3.32,3.75,0.43000000000000016,12.95180722891567
336,331,Van,Broker,336 -> 331,2.4,2.84,0.43999999999999995,18.333333333333332
372,303,Flatbed,Asset,372 -> 303,3.07,3.42,0.3500000000000001,11.400651465798049
372,303,Flatbed,Broker,372 -> 303,3.08,3.52,0.43999999999999995,14.285714285714285
372,303,Reefer,Asset,372 -> 303,3.91,4.37,0.45999999999999996,11.76470588235294
372,303,Reefer,Broker,372 -> 303,4.14,4.58,0.4400000000000004,10.628019323671507
372,303,Van,Asset,372 -> 303,3.3,3.68,0.38000000000000034,11.515151515151526
372,303,Van,Broker,372 -> 303,3.38,3.82,0.43999999999999995,13.017751479289942
381,303,Flatbed,Asset,381 -> 303,3.12,3.54,0.41999999999999993,13.461538461538458
381,303,Flatbed,Broker,381 -> 303,2.72,3.16,0.43999999999999995,16.176470588235293
381,303,Reefer,Asset,381 -> 303,3.57,3.97,0.40000000000000036,11.204481792717097
381,303,Reefer,Broker,381 -> 303,3.83,4.2,0.3700000000000001,9.66057441253264
381,303,Van,Asset,381 -> 303,2.75,3.17,0.41999999999999993,15.272727272727272
381,303,Van,Broker,381 -> 303,2.81,3.24,0.43000000000000016,15.302491103202854
381,606,Flatbed,Asset,381 -> 606,3.21,3.7,0.4900000000000002,15.264797507788169
381,606,Flatbed,Broker,381 -> 606,2.61,3.05,0.43999999999999995,16.858237547892717
381,606,Reefer,Asset,381 -> 606,2.46,2.87,0.41000000000000014,16.666666666666675
381,606,Reefer,Broker,381 -> 606,2.84,3.27,0.43000000000000016,15.140845070422543
381,606,Van,Asset,381 -> 606,2.06,2.5,0.43999999999999995,21.35922330097087
381,606,Van,Broker,381 -> 606,1.74,2.18,0.44000000000000017,25.287356321839088
432,303,Flatbed,Asset,432 -> 303,2.54,3.04,0.5,19.685039370078737
432,303,Flatbed,Broker,432 -> 303,2.31,2.75,0.43999999999999995,19.047619047619044
432,303,Reefer,Asset,432 -> 303,2.88,3.37,0.4900000000000002,17.013888888888896
432,303,Reefer,Broker,432 -> 303,3.87,4.31,0.4399999999999995,11.369509043927636
432,303,Van,Asset,432 -> 303,2.26,2.67,0.41000000000000014,18.14159292035399
432,303,Van,Broker,432 -> 303,2.86,3.3,0.43999999999999995,15.384615384615383
441,606,Flatbed,Asset,441 -> 606,2.69,3.16,0.4700000000000002,17.472118959107814
441,606,Flatbed,Broker,441 -> 606,2.57,3.01,0.43999999999999995,17.120622568093385
441,606,Reefer,Asset,441 -> 606,1.75,2.16,0.41000000000000014,23.428571428571438
441,606,Reefer,Broker,441 -> 606,1.66,2.11,0.44999999999999996,27.10843373493976
441,606,Van,Asset,441 -> 606,3.79,4.49,0.7000000000000002,18.46965699208444
441,606,Van,Broker,441 -> 606,2.15,2.59,0.43999999999999995,20.46511627906977
462,606,Flatbed,Asset,462 -> 606,3.17,3.85,0.6800000000000002,21.451104100946377
462,606,Flatbed,Broker,462 -> 606,5.24,5.68,0.4399999999999995,8.396946564885486
462,606,Reefer,Asset,462 -> 606,4.65,5.09,0.4399999999999995,9.462365591397838
462,606,Reefer,Broker,462 -> 606,4.33,4.77,0.4399999999999995,10.161662817551951
462,606,Van,Asset,462 -> 606,3.05,3.53,0.48,15.737704918032788
462,606,Van,Broker,462 -> 606,3.18,3.65,0.46999999999999975,14.77987421383647
482,606,Flatbed,Asset,482 -> 606,3.83,4.84,1.0099999999999998,26.37075718015665
482,606,Flatbed,Broker,482 -> 606,2.86,3.3,0.43999999999999995,15.384615384615383
482,606,Reefer,Asset,482 -> 606,2.1,2.53,0.4299999999999997,20.47619047619046
482,606,Reefer,Broker,482 -> 606,2.83,3.28,0.44999999999999973,15.901060070671369
482,606,Van,Asset,482 -> 606,1.71,2.15,0.43999999999999995,25.730994152046783
482,606,Van,Broker,482 -> 606,2.11,2.55,0.43999999999999995,20.85308056872038
554,606,Flatbed,Asset,554 -> 606,1.53,1.99,0.45999999999999996,30.065359477124183
554,606,Flatbed,Broker,554 -> 606,1.3,1.74,0.43999999999999995,33.84615384615384
554,606,Reefer,Asset,554 -> 606,3.1,3.42,0.31999999999999984,10.322580645161285
554,606,Reefer,Broker,554 -> 606,3.5,3.94,0.43999999999999995,12.57142857142857
554,606,Van,Asset,554 -> 606,2.37,2.81,0.43999999999999995,18.565400843881854
554,606,Van,Broker,554 -> 606,2.15,2.59,0.43999999999999995,20.46511627906977
606,100,Flatbed,Asset,606 -> 100,0.0,0.0,0.0,
606,100,Flatbed,Broker,606 -> 100,3.05,3.51,0.45999999999999996,15.081967213114753
606,100,Reefer,Asset,606 -> 100,0.0,0.0,0.0,
606,100,Reefer,Broker,606 -> 100,3.38,3.82,0.43999999999999995,13.017751479289942
606,100,Van,Asset,606 -> 100,2.41,2.84,0.4299999999999997,17.84232365145227
606,100,Van,Broker,606 -> 100,3.38,3.82,0.43999999999999995,13.017751479289942
606,191,Flatbed,Asset,606 -> 191,2.76,3.18,0.4200000000000004,15.21739130434784
606,191,Flatbed,Broker,606 -> 191,2.53,2.99,0.4600000000000004,18.181818181818198
606,191,Reefer,Asset,606 -> 191,2.96,3.39,0.43000000000000016,14.527027027027032
606,191,Reefer,Broker,606 -> 191,3.75,4.19,0.4400000000000004,11.733333333333345
606,191,Van,Asset,606 -> 191,2.64,3.1,0.45999999999999996,17.424242424242422
606,191,Van,Broker,606 -> 191,2.7,3.14,0.43999999999999995,16.29629629629629
606,303,Flatbed,Asset,606 -> 303,2.35,2.8,0.44999999999999973,19.148936170212753
606,303,Flatbed,Broker,606 -> 303,2.08,2.53,0.44999999999999973,21.634615384615373
606,303,Reefer,Asset,606 -> 303,3.03,3.45,0.4200000000000004,13.861386138613874
606,303,Reefer,Broker,606 -> 303,3.66,4.1,0.4399999999999995,12.021857923497253
606,303,Van,Asset,606 -> 303,2.32,2.76,0.43999999999999995,18.96551724137931
606,303,Van,Broker,606 -> 303,2.68,3.12,0.43999999999999995,16.41791044776119
606,331,Flatbed,Asset,606 -> 331,2.46,2.9,0.43999999999999995,17.886178861788615
606,331,Flatbed,Broker,606 -> 331,1.84,2.3,0.45999999999999974,24.999999999999986
606,331,Reefer,Asset,606 -> 331,2.64,3.06,0.41999999999999993,15.909090909090907
606,331,Reefer,Broker,606 -> 331,2.72,3.16,0.43999999999999995,16.176470588235293
606,331,Van,Asset,606 -> 331,2.56,3.01,0.44999999999999973,17.57812499999999
606,331,Van,Broker,606 -> 331,2.4,2.84,0.43999999999999995,18.333333333333332
606,381,Flatbed,Asset,606 -> 381,2.27,2.7,0.43000000000000016,18.942731277533046
606,381,Flatbed,Broker,606 -> 381,1.6,2.06,0.45999999999999996,28.749999999999996
606,381,Reefer,Asset,606 -> 381,2.64,3.0,0.3599999999999999,13.63636363636363
606,381,Reefer,Broker,606 -> 381,3.38,3.65,0.27,7.988165680473373
606,381,Van,Asset,606 -> 381,2.17,2.61,0.43999999999999995,20.276497695852534
606,381,Van,Broker,606 -> 381,2.21,2.67,0.45999999999999996,20.814479638009047
606,441,Flatbed,Asset,606 -> 441,3.04,3.7,0.6600000000000001,21.710526315789476
606,441,Flatbed,Broker,606 -> 441,3.0,3.44,0.43999999999999995,14.666666666666664
606,441,Reefer,Asset,606 -> 441,3.2,3.64,0.43999999999999995,13.749999999999998
606,441,Reefer,Broker,606 -> 441,4.19,4.63,0.4399999999999995,10.501193317422421
606,441,Van,Asset,606 -> 441,2.81,3.22,0.41000000000000014,14.590747330960859
606,441,Van,Broker,606 -> 441,3.52,3.96,0.43999999999999995,12.499999999999998
606,462,Flatbed,Asset,606 -> 462,3.93,4.48,0.5500000000000003,13.994910941475833
606,462,Flatbed,Broker,606 -> 462,3.33,3.77,0.43999999999999995,13.213213213213212
606,462,Reefer,Asset,606 -> 462,5.48,5.94,0.45999999999999996,8.394160583941604
606,462,Reefer,Broker,606 -> 462,5.25,5.69,0.4400000000000004,8.380952380952388
606,462,Van,Asset,606 -> 462,3.12,3.58,0.45999999999999996,14.743589743589741
606,462,Van,Broker,606 -> 462,4.14,4.58,0.4400000000000004,10.628019323671507
606,482,Flatbed,Asset,606 -> 482,3.21,3.62,0.41000000000000014,12.772585669781936
606,482,Flatbed,Broker,606 -> 482,2.64,3.08,0.43999999999999995,16.666666666666664
606,482,Reefer,Asset,606 -> 482,4.81,5.28,0.47000000000000064,9.771309771309786
606,482,Reefer,Broker,606 -> 482,4.7,5.14,0.4399999999999995,9.361702127659562
606,482,Van,Asset,606 -> 482,3.35,3.75,0.3999999999999999,11.940298507462684
606,482,Van,Broker,606 -> 482,3.37,3.8,0.4299999999999997,12.759643916913937
606,554,Flatbed,Asset,606 -> 554,3.99,4.49,0.5,12.531328320802004
606,554,Flatbed,Broker,606 -> 554,2.66,3.12,0.45999999999999996,17.293233082706767
606,554,Reefer,Asset,606 -> 554,2.66,3.39,0.73,27.443609022556387
606,554,Reefer,Broker,606 -> 554,2.54,2.98,0.43999999999999995,17.32283464566929
606,554,Van,Asset,606 -> 554,2.47,2.88,0.4099999999999997,16.599190283400798
606,554,Van,Broker,606 -> 554,2.79,3.24,0.4500000000000002,16.12903225806452
606,750,Flatbed,Asset,606 -> 750,2.58,3.06,0.48,18.6046511627907
606,750,Flatbed,Broker,606 -> 750,1.86,2.32,0.45999999999999974,24.73118279569891
606,750,Reefer,Asset,606 -> 750,2.27,2.69,0.41999999999999993,18.502202643171803
606,750,Reefer,Broker,606 -> 750,2.57,3.01,0.43999999999999995,17.120622568093385
606,750,Van,Asset,606 -> 750,2.29,2.73,0.43999999999999995,19.213973799126634
606,750,Van,Broker,606 -> 750,2.22,2.66,0.43999999999999995,19.819819819819813
606,770,Flatbed,Asset,606 -> 770,2.15,2.62,0.4700000000000002,21.86046511627908
606,770,Flatbed,Broker,606 -> 770,1.66,2.1,0.44000000000000017,26.506024096385556
606,770,Reefer,Asset,606 -> 770,2.22,2.63,0.4099999999999997,18.46846846846845
606,770,Reefer,Broker,606 -> 770,2.43,2.87,0.43999999999999995,18.106995884773657
606,770,Van,Asset,606 -> 770,1.77,2.21,0.43999999999999995,24.85875706214689
606,770,Van,Broker,606 -> 770,1.77,2.21,0.43999999999999995,24.85875706214689
606,802,Flatbed,Asset,606 -> 802,3.15,3.54,0.3900000000000001,12.380952380952385
606,802,Flatbed,Broker,606 -> 802,2.79,3.23,0.43999999999999995,15.770609318996415
606,802,Reefer,Asset,606 -> 802,2.58,3.0,0.41999999999999993,16.279069767441857
606,802,Reefer,Broker,606 -> 802,2.27,2.71,0.43999999999999995,19.38325991189427
606,802,Van,Asset,606 -> 802,2.44,2.89,0.4500000000000002,18.44262295081968
606,802,Van,Broker,606 -> 802,2.77,3.21,0.43999999999999995,15.884476534296027
606,850,Flatbed,Asset,606 -> 850,2.18,2.65,0.46999999999999975,21.559633027522924
606,850,Flatbed,Broker,606 -> 850,1.92,2.38,0.45999999999999996,23.958333333333332
606,850,Reefer,Asset,606 -> 850,1.51,1.96,0.44999999999999996,29.801324503311257
606,850,Reefer,Broker,606 -> 850,1.5,1.94,0.43999999999999995,29.33333333333333
606,850,Van,Asset,606 -> 850,1.4,1.85,0.4500000000000002,32.14285714285715
606,850,Van,Broker,606 -> 850,1.52,1.96,0.43999999999999995,28.947368421052627
606,900,Flatbed,Asset,606 -> 900,2.17,2.62,0.4500000000000002,20.737327188940103
606,900,Flatbed,Broker,606 -> 900,1.37,1.81,0.43999999999999995,32.116788321167874
606,900,Reefer,Asset,606 -> 900,1.02,1.44,0.41999999999999993,41.17647058823529
606,900,Reefer,Broker,606 -> 900,1.29,1.73,0.43999999999999995,34.10852713178294
606,900,Van,Asset,606 -> 900,1.92,2.36,0.43999999999999995,22.916666666666664
606,900,Van,Broker,606 -> 900,1.39,1.83,0.44000000000000017,31.65467625899282
606,941,Flatbed,Asset,606 -> 941,0.0,0.0,0.0,
606,941,Flatbed,Broker,606 -> 941,1.64,2.1,0.4600000000000002,28.04878048780489
606,941,Reefer,Asset,606 -> 941,0.0,0.0,0.0,
606,941,Reefer,Broker,606 -> 941,1.13,1.58,0.4500000000000002,39.82300884955754
606,941,Van,Asset,606 -> 941,1.57,2.01,0.4399999999999997,28.025477707006353
606,941,Van,Broker,606 -> 941,1.3,1.74,0.43999999999999995,33.84615384615384
606,981,Flatbed,Asset,606 -> 981,0.0,0.0,0.0,
606,981,Flatbed,Broker,606 -> 981,1.51,1.96,0.44999999999999996,29.801324503311257
606,981,Reefer,Asset,606 -> 981,1.51,1.89,0.3799999999999999,25.16556291390728
606,981,Reefer,Broker,606 -> 981,1.78,2.22,0.44000000000000017,24.719101123595514
606,981,Van,Asset,606 -> 981,1.83,2.27,0.43999999999999995,24.04371584699453
606,981,Van,Broker,606 -> 981,1.57,2.01,0.4399999999999997,28.025477707006353
641,750,Flatbed,Asset,641 -> 750,2.35,2.81,0.45999999999999996,19.574468085106382
641,750,Flatbed,Broker,641 -> 750,2.27,2.71,0.43999999999999995,19.38325991189427
641,750,Reefer,Asset,641 -> 750,2.84,3.26,0.41999999999999993,14.788732394366194
641,750,Reefer,Broker,641 -> 750,3.88,4.32,0.4400000000000004,11.340206185567022
641,750,Van,Asset,641 -> 750,2.02,2.46,0.43999999999999995,21.78217821782178
641,750,Van,Broker,641 -> 750,1.76,2.18,0.42000000000000015,23.863636363636374
750,100,Flatbed,Asset,750 -> 100,0.0,0.0,0.0,
750,100,Flatbed,Broker,750 -> 100,2.06,2.52,0.45999999999999996,22.33009708737864
750,100,Reefer,Asset,750 -> 100,0.0,0.0,0.0,
750,100,Reefer,Broker,750 -> 100,1.7,2.09,0.3899999999999999,22.941176470588232
750,100,Van,Asset,750 -> 100,0.0,0.0,0.0,
750,100,Van,Broker,750 -> 100,1.88,2.33,0.4500000000000002,23.936170212765965
750,303,Flatbed,Asset,750 -> 303,1.73,2.16,0.43000000000000016,24.85549132947978
750,303,Flatbed,Broker,750 -> 303,1.62,2.06,0.43999999999999995,27.160493827160487
750,303,Reefer,Asset,750 -> 303,1.97,2.38,0.4099999999999999,20.812182741116747
750,303,Reefer,Broker,750 -> 303,2.61,3.07,0.45999999999999996,17.624521072796934
750,303,Van,Asset,750 -> 303,1.77,2.19,0.41999999999999993,23.728813559322028
750,303,Van,Broker,750 -> 303,2.22,2.66,0.43999999999999995,19.819819819819813
750,331,Flatbed,Asset,750 -> 331,2.14,2.62,0.48,22.42990654205607
750,331,Flatbed,Broker,750 -> 331,1.65,2.1,0.4500000000000002,27.272727272727288
750,331,Reefer,Asset,750 -> 331,2.55,3.01,0.45999999999999996,18.03921568627451
750,331,Reefer,Broker,750 -> 331,2.34,2.8,0.45999999999999996,19.65811965811966
750,331,Van,Asset,750 -> 331,2.02,2.48,0.45999999999999996,22.77227722772277
750,331,Van,Broker,750 -> 331,1.95,2.41,0.4600000000000002,23.589743589743602
750,606,Flatbed,Asset,750 -> 606,2.15,2.59,0.43999999999999995,20.46511627906977
750,606,Flatbed,Broker,750 -> 606,1.7,2.14,0.44000000000000017,25.882352941176478
750,606,Reefer,Asset,750 -> 606,1.44,1.83,0.3900000000000001,27.083333333333343
750,606,Reefer,Broker,750 -> 606,1.39,1.83,0.44000000000000017,31.65467625899282
750,606,Van,Asset,750 -> 606,1.54,2.0,0.45999999999999996,29.87012987012987
750,606,Van,Broker,750 -> 606,1.33,1.76,0.42999999999999994,32.33082706766916
750,641,Flatbed,Asset,750 -> 641,2.43,2.82,0.3899999999999997,16.04938271604937
750,641,Flatbed,Broker,750 -> 641,2.53,2.97,0.4400000000000004,17.391304347826104
750,641,Reefer,Asset,750 -> 641,1.51,1.94,0.42999999999999994,28.476821192052977
750,641,Reefer,Broker,750 -> 641,1.97,2.42,0.44999999999999996,22.84263959390863
750,641,Van,Asset,750 -> 641,1.73,2.14,0.41000000000000014,23.699421965317928
750,641,Van,Broker,750 -> 641,1.57,2.01,0.4399999999999997,28.025477707006353
750,770,Flatbed,Asset,750 -> 770,3.85,4.23,0.38000000000000034,9.87012987012988
750,770,Flatbed,Broker,750 -> 770,1.98,2.42,0.43999999999999995,22.22222222222222
750,770,Reefer,Asset,750 -> 770,3.86,4.29,0.43000000000000016,11.139896373056999
750,770,Reefer,Broker,750 -> 770,2.95,3.39,0.43999999999999995,14.915254237288133
750,770,Van,Asset,750 -> 770,3.34,3.79,0.4500000000000002,13.473053892215574
750,770,Van,Broker,750 -> 770,2.21,2.65,0.43999999999999995,19.90950226244344
750,802,Flatbed,Asset,750 -> 802,3.36,3.98,0.6200000000000001,18.452380952380956
750,802,Flatbed,Broker,750 -> 802,2.7,3.14,0.43999999999999995,16.29629629629629
750,802,Reefer,Asset,750 -> 802,2.07,2.5,0.43000000000000016,20.772946859903392
750,802,Reefer,Broker,750 -> 802,1.8,2.26,0.45999999999999974,25.555555555555543
750,802,Van,Asset,750 -> 802,2.49,2.89,0.3999999999999999,16.064257028112443
750,802,Van,Broker,750 -> 802,2.56,3.0,0.43999999999999995,17.187499999999996
750,850,Flatbed,Asset,750 -> 850,2.56,3.07,0.5099999999999998,19.921874999999993
750,850,Flatbed,Broker,750 -> 850,2.25,2.69,0.43999999999999995,19.555555555555554
750,850,Reefer,Asset,750 -> 850,1.71,2.17,0.45999999999999996,26.900584795321635
750,850,Reefer,Broker,750 -> 850,1.34,1.78,0.43999999999999995,32.83582089552238
750,850,Van,Asset,750 -> 850,1.13,1.56,0.43000000000000016,38.05309734513276
750,850,Van,Broker,750 -> 850,1.11,1.57,0.45999999999999996,41.441441441441434
750,900,Flatbed,Asset,750 -> 900,2.55,3.01,0.45999999999999996,18.03921568627451
750,900,Flatbed,Broker,750 -> 900,1.92,2.36,0.43999999999999995,22.916666666666664
750,900,Reefer,Asset,750 -> 900,1.98,2.45,0.4700000000000002,23.737373737373748
750,900,Reefer,Broker,750 -> 900,1.3,1.74,0.43999999999999995,33.84615384615384
750,900,Van,Asset,750 -> 900,1.48,1.94,0.45999999999999996,31.08108108108108
750,900,Van,Broker,750 -> 900,0.74,1.18,0.43999999999999995,59.45945945945945
750,981,Flatbed,Asset,750 -> 981,2.19,2.68,0.4900000000000002,22.3744292237443
750,981,Flatbed,Broker,750 -> 981,1.74,2.19,0.44999999999999996,25.86206896551724
750,981,Reefer,Asset,750 -> 981,1.64,2.11,0.47,28.65853658536585
750,981,Reefer,Broker,750 -> 981,1.55,1.99,0.43999999999999995,28.387096774193544
750,981,Van,Asset,750 -> 981,2.11,2.49,0.38000000000000034,18.0094786729858
750,981,Van,Broker,750 -> 981,1.4,1.84,0.44000000000000017,31.428571428571445
770,100,Flatbed,Asset,770 -> 100,0.0,0.0,0.0,
770,100,Flatbed,Broker,770 -> 100,1.61,2.06,0.44999999999999996,27.95031055900621
770,100,Reefer,Asset,770 -> 100,0.0,0.0,0.0,
770,100,Reefer,Broker,770 -> 100,2.02,2.48,0.45999999999999996,22.77227722772277
770,100,Van,Asset,770 -> 100,0.0,0.0,0.0,
770,100,Van,Broker,770 -> 100,1.62,2.08,0.45999999999999996,28.39506172839506
770,303,Flatbed,Asset,770 -> 303,1.93,2.35,0.42000000000000015,21.76165803108809
770,303,Flatbed,Broker,770 -> 303,1.7,2.14,0.44000000000000017,25.882352941176478
770,303,Reefer,Asset,770 -> 303,2.1,2.54,0.43999999999999995,20.95238095238095
770,303,Reefer,Broker,770 -> 303,2.65,3.09,0.43999999999999995,16.60377358490566
770,303,Van,Asset,770 -> 303,1.79,2.2,0.41000000000000014,22.905027932960902
770,303,Van,Broker,770 -> 303,2.02,2.46,0.43999999999999995,21.78217821782178
770,331,Flatbed,Asset,770 -> 331,2.6,3.04,0.43999999999999995,16.92307692307692
770,331,Flatbed,Broker,770 -> 331,1.75,2.19,0.43999999999999995,25.14285714285714
770,331,Reefer,Asset,770 -> 331,2.35,2.75,0.3999999999999999,17.021276595744677
770,331,Reefer,Broker,770 -> 331,2.31,2.76,0.44999999999999973,19.48051948051947
770,331,Van,Asset,770 -> 331,2.08,2.53,0.44999999999999973,21.634615384615373
770,331,Van,Broker,770 -> 331,2.22,2.66,0.43999999999999995,19.819819819819813
770,606,Flatbed,Asset,770 -> 606,1.9,2.32,0.41999999999999993,22.105263157894733
770,606,Flatbed,Broker,770 -> 606,1.46,1.9,0.43999999999999995,30.136986301369863
770,606,Reefer,Asset,770 -> 606,1.47,1.89,0.41999999999999993,28.57142857142857
770,606,Reefer,Broker,770 -> 606,1.36,1.81,0.44999999999999996,33.08823529411764
770,606,Van,Asset,770 -> 606,1.63,2.05,0.41999999999999993,25.76687116564417
770,606,Van,Broker,770 -> 606,1.64,2.08,0.44000000000000017,26.82926829268294
770,750,Flatbed,Asset,770 -> 750,3.08,3.53,0.44999999999999973,14.610389610389602
770,750,Flatbed,Broker,770 -> 750,2.99,3.43,0.43999999999999995,14.71571906354515
770,750,Reefer,Asset,770 -> 750,2.59,2.99,0.40000000000000036,15.444015444015458
770,750,Reefer,Broker,770 -> 750,3.27,3.71,0.43999999999999995,13.455657492354739
770,750,Van,Asset,770 -> 750,2.34,2.84,0.5,21.36752136752137
770,750,Van,Broker,770 -> 750,2.3,2.74,0.4400000000000004,19.130434782608713
770,900,Flatbed,Asset,770 -> 900,3.4,3.81,0.41000000000000014,12.05882352941177
770,900,Flatbed,Broker,770 -> 900,2.02,2.46,0.43999999999999995,21.78217821782178
770,900,Reefer,Asset,770 -> 900,1.59,2.05,0.45999999999999974,28.930817610062874
770,900,Reefer,Broker,770 -> 900,1.17,1.61,0.44000000000000017,37.60683760683762
770,900,Van,Asset,770 -> 900,2.32,3.0,0.6800000000000002,29.310344827586217
770,900,Van,Broker,770 -> 900,0.78,1.23,0.44999999999999996,57.692307692307686
770,981,Flatbed,Asset,770 -> 981,2.19,2.67,0.48,21.91780821917808
770,981,Flatbed,Broker,770 -> 981,1.53,1.99,0.45999999999999996,30.065359477124183
770,981,Reefer,Asset,770 -> 981,0.0,0.0,0.0,
770,981,Reefer,Broker,770 -> 981,1.37,1.82,0.44999999999999996,32.84671532846715
770,981,Van,Asset,770 -> 981,2.34,2.83,0.4900000000000002,20.94017094017095
770,981,Van,Broker,770 -> 981,1.74,2.15,0.4099999999999999,23.563218390804593
802,606,Flatbed,Asset,802 -> 606,1.15,1.59,0.44000000000000017,38.26086956521741
802,606,Flatbed,Broker,802 -> 606,1.3,1.75,0.44999999999999996,34.615384615384606
802,606,Reefer,Asset,802 -> 606,1.61,2.08,0.47,29.192546583850927
802,606,Reefer,Broker,802 -> 606,1.63,2.09,0.45999999999999996,28.22085889570552
802,606,Van,Asset,802 -> 606,0.77,1.22,0.44999999999999996,58.44155844155844
802,606,Van,Broker,802 -> 606,0.69,1.14,0.44999999999999996,65.21739130434783
802,750,Flatbed,Asset,802 -> 750,1.16,1.53,0.3700000000000001,31.896551724137943
802,750,Flatbed,Broker,802 -> 750,0.98,1.44,0.45999999999999996,46.93877551020408
802,750,Reefer,Asset,802 -> 750,1.63,2.14,0.5100000000000002,31.28834355828222
802,750,Reefer,Broker,802 -> 750,1.65,2.09,0.43999999999999995,26.666666666666668
802,750,Van,Asset,802 -> 750,0.9,1.35,0.45000000000000007,50.000000000000014
802,750,Van,Broker,802 -> 750,0.78,1.22,0.43999999999999995,56.4102564102564
850,303,Flatbed,Asset,850 -> 303,1.34,1.79,0.44999999999999996,33.582089552238806
850,303,Flatbed,Broker,850 -> 303,1.35,1.77,0.41999999999999993,31.111111111111107
850,303,Reefer,Asset,850 -> 303,2.02,2.7,0.6800000000000002,33.66336633663367
850,303,Reefer,Broker,850 -> 303,2.48,2.92,0.43999999999999995,17.741935483870964
850,303,Van,Asset,850 -> 303,1.81,2.25,0.43999999999999995,24.309392265193367
850,303,Van,Broker,850 -> 303,1.81,2.25,0.43999999999999995,24.309392265193367
850,606,Flatbed,Asset,850 -> 606,0.0,0.0,0.0,
850,606,Flatbed,Broker,850 -> 606,1.29,1.75,0.45999999999999996,35.65891472868217
850,606,Reefer,Asset,850 -> 606,2.2,2.69,0.48999999999999977,22.27272727272726
850,606,Reefer,Broker,850 -> 606,2.12,2.57,0.44999999999999973,21.22641509433961
850,606,Van,Asset,850 -> 606,1.4,1.85,0.4500000000000002,32.14285714285715
850,606,Van,Broker,850 -> 606,1.54,1.98,0.43999999999999995,28.57142857142857
850,750,Flatbed,Asset,850 -> 750,1.38,1.81,0.43000000000000016,31.15942028985509
850,750,Flatbed,Broker,850 -> 750,0.94,1.34,0.40000000000000013,42.55319148936172
850,750,Reefer,Asset,850 -> 750,2.26,2.77,0.5100000000000002,22.56637168141594
850,750,Reefer,Broker,850 -> 750,2.61,3.05,0.43999999999999995,16.858237547892717
850,750,Van,Asset,850 -> 750,1.83,2.25,0.41999999999999993,22.950819672131143
850,750,Van,Broker,850 -> 750,1.98,2.42,0.43999999999999995,22.22222222222222
850,900,Flatbed,Asset,850 -> 900,1.79,2.22,0.43000000000000016,24.02234636871509
850,900,Flatbed,Broker,850 -> 900,1.48,1.92,0.43999999999999995,29.729729729729726
850,900,Reefer,Asset,850 -> 900,1.88,2.31,0.43000000000000016,22.872340425531927
850,900,Reefer,Broker,850 -> 900,4.5,4.94,0.4400000000000004,9.777777777777787
850,900,Van,Asset,850 -> 900,1.52,1.98,0.45999999999999996,30.263157894736842
850,900,Van,Broker,850 -> 900,0.96,1.4,0.43999999999999995,45.83333333333333
900,100,Flatbed,Asset,900 -> 100,0.0,0.0,0.0,
900,100,Flatbed,Broker,900 -> 100,0.0,0.0,0.0,
900,100,Reefer,Asset,900 -> 100,0.0,0.0,0.0,
900,100,Reefer,Broker,900 -> 100,2.04,2.49,0.4500000000000002,22.05882352941177
900,100,Van,Asset,900 -> 100,0.0,0.0,0.0,
900,100,Van,Broker,900 -> 100,1.81,2.26,0.44999999999999973,24.861878453038656
900,606,Flatbed,Asset,900 -> 606,2.64,3.06,0.41999999999999993,15.909090909090907
900,606,Flatbed,Broker,900 -> 606,1.51,1.97,0.45999999999999996,30.4635761589404
900,606,Reefer,Asset,900 -> 606,1.88,2.37,0.4900000000000002,26.063829787234056
900,606,Reefer,Broker,900 -> 606,1.85,2.31,0.45999999999999996,24.86486486486486
900,606,Van,Asset,900 -> 606,2.04,2.5,0.45999999999999996,22.549019607843135
900,606,Van,Broker,900 -> 606,2.25,2.69,0.43999999999999995,19.555555555555554
900,750,Flatbed,Asset,900 -> 750,1.7,2.14,0.44000000000000017,25.882352941176478
900,750,Flatbed,Broker,900 -> 750,1.52,1.98,0.45999999999999996,30.263157894736842
900,750,Reefer,Asset,900 -> 750,2.24,2.7,0.45999999999999996,20.53571428571428
900,750,Reefer,Broker,900 -> 750,2.28,2.74,0.4600000000000004,20.175438596491247
900,750,Van,Asset,900 -> 750,2.33,2.78,0.44999999999999973,19.31330472103003
900,750,Van,Broker,900 -> 750,2.39,2.83,0.43999999999999995,18.410041841004183
900,770,Flatbed,Asset,900 -> 770,2.75,3.21,0.45999999999999996,16.727272727272727
900,770,Flatbed,Broker,900 -> 770,1.21,1.65,0.43999999999999995,36.36363636363636
900,770,Reefer,Asset,900 -> 770,1.98,2.45,0.4700000000000002,23.737373737373748
900,770,Reefer,Broker,900 -> 770,2.18,2.63,0.44999999999999973,20.642201834862373
900,770,Van,Asset,900 -> 770,1.76,2.2,0.44000000000000017,25.00000000000001
900,770,Van,Broker,900 -> 770,2.42,2.86,0.43999999999999995,18.18181818181818
900,850,Flatbed,Asset,900 -> 850,3.6,4.11,0.5100000000000002,14.166666666666671
900,850,Flatbed,Broker,900 -> 850,2.94,3.38,0.43999999999999995,14.96598639455782
900,850,Reefer,Asset,900 -> 850,2.39,2.87,0.48,20.083682008368196
900,850,Reefer,Broker,900 -> 850,2.98,3.42,0.43999999999999995,14.765100671140937
900,850,Van,Asset,900 -> 850,3.25,3.71,0.45999999999999996,14.153846153846153
900,850,Van,Broker,900 -> 850,3.15,3.6,0.4500000000000002,14.28571428571429
900,941,Flatbed,Asset,900 -> 941,4.54,5.12,0.5800000000000001,12.775330396475773
900,941,Flatbed,Broker,900 -> 941,3.32,3.76,0.43999999999999995,13.253012048192769
900,941,Reefer,Asset,900 -> 941,3.47,3.89,0.41999999999999993,12.103746397694522
900,941,Reefer,Broker,900 -> 941,3.43,3.87,0.43999999999999995,12.827988338192418
900,941,Van,Asset,900 -> 941,3.86,4.39,0.5299999999999998,13.730569948186524
900,941,Van,Broker,900 -> 941,3.03,3.47,0.4400000000000004,14.521452145214536
900,981,Flatbed,Asset,900 -> 981,2.16,2.76,0.5999999999999996,27.777777777777757
900,981,Flatbed,Broker,900 -> 981,1.57,2.01,0.4399999999999997,28.025477707006353
900,981,Reefer,Asset,900 -> 981,2.32,2.77,0.4500000000000002,19.39655172413794
900,981,Reefer,Broker,900 -> 981,2.26,2.7,0.4400000000000004,19.469026548672584
900,981,Van,Asset,900 -> 981,3.18,3.6,0.41999999999999993,13.207547169811317
900,981,Van,Broker,900 -> 981,2.61,3.05,0.43999999999999995,16.858237547892717
941,606,Flatbed,Asset,941 -> 606,0.0,0.0,0.0,
941,606,Flatbed,Broker,941 -> 606,1.42,1.83,0.41000000000000014,28.87323943661973
941,606,Reefer,Asset,941 -> 606,2.04,2.57,0.5299999999999998,25.980392156862735
941,606,Reefer,Broker,941 -> 606,1.64,2.1,0.4600000000000002,28.04878048780489
941,606,Van,Asset,941 -> 606,2.8,3.53,0.73,26.071428571428573
941,606,Van,Broker,941 -> 606,1.64,2.08,0.44000000000000017,26.82926829268294
941,900,Flatbed,Asset,941 -> 900,4.4,4.89,0.4899999999999993,11.13636363636362
941,900,Flatbed,Broker,941 -> 900,2.7,3.13,0.4299999999999997,15.925925925925915
941,900,Reefer,Asset,941 -> 900,1.86,2.3,0.4399999999999997,23.65591397849461
941,900,Reefer,Broker,941 -> 900,2.3,2.74,0.4400000000000004,19.130434782608713
941,900,Van,Asset,941 -> 900,2.06,2.5,0.43999999999999995,21.35922330097087
941,900,Van,Broker,941 -> 900,1.34,1.78,0.43999999999999995,32.83582089552238
972,981,Flatbed,Asset,972 -> 981,2.38,2.83,0.4500000000000002,18.90756302521009
972,981,Flatbed,Broker,972 -> 981,3.86,4.3,0.43999999999999995,11.398963730569948
972,981,Reefer,Asset,972 -> 981,5.26,5.76,0.5,9.505703422053232
972,981,Reefer,Broker,972 -> 981,4.58,5.02,0.4399999999999995,9.606986899563308
972,981,Van,Asset,972 -> 981,3.46,3.99,0.5300000000000002,15.317919075144514
972,981,Van,Broker,972 -> 981,2.91,3.35,0.43999999999999995,15.120274914089343
981,100,Flatbed,Asset,981 -> 100,0.0,0.0,0.0,
981,100,Flatbed,Broker,981 -> 100,0.0,0.0,0.0,
981,100,Reefer,Asset,981 -> 100,0.0,0.0,0.0,
981,100,Reefer,Broker,981 -> 100,2.1,2.52,0.41999999999999993,19.999999999999996
981,100,Van,Asset,981 -> 100,0.0,0.0,0.0,
981,100,Van,Broker,981 -> 100,1.49,1.93,0.43999999999999995,29.530201342281874
981,303,Flatbed,Asset,981 -> 303,1.44,1.86,0.42000000000000015,29.16666666666668
981,303,Flatbed,Broker,981 -> 303,1.49,1.94,0.44999999999999996,30.20134228187919
981,303,Reefer,Asset,981 -> 303,1.85,2.23,0.3799999999999999,20.540540540540533
981,303,Reefer,Broker,981 -> 303,1.86,2.31,0.44999999999999996,24.19354838709677
981,303,Van,Asset,981 -> 303,1.31,1.73,0.41999999999999993,32.06106870229007
981,303,Van,Broker,981 -> 303,1.56,2.0,0.43999999999999995,28.2051282051282
981,606,Flatbed,Asset,981 -> 606,0.0,0.0,0.0,
981,606,Flatbed,Broker,981 -> 606,1.35,1.8,0.44999999999999996,33.33333333333333
981,606,Reefer,Asset,981 -> 606,1.57,2.01,0.4399999999999997,28.025477707006353
981,606,Reefer,Broker,981 -> 606,2.0,2.46,0.45999999999999996,23.0
981,606,Van,Asset,981 -> 606,1.29,1.71,0.41999999999999993,32.558139534883715
981,606,Van,Broker,981 -> 606,1.28,1.72,0.43999999999999995,34.37499999999999
981,750,Flatbed,Asset,981 -> 750,1.36,1.8,0.43999999999999995,32.35294117647059
981,750,Flatbed,Broker,981 -> 750,1.68,2.13,0.44999999999999996,26.785714285714285
981,750,Reefer,Asset,981 -> 750,1.7,2.13,0.42999999999999994,25.294117647058822
981,750,Reefer,Broker,981 -> 750,2.26,2.72,0.4600000000000004,20.353982300884976
981,750,Van,Asset,981 -> 750,1.33,1.78,0.44999999999999996,33.834586466165405
981,750,Van,Broker,981 -> 750,1.8,2.24,0.44000000000000017,24.444444444444454
981,770,Flatbed,Asset,981 -> 770,1.22,1.66,0.43999999999999995,36.065573770491795
981,770,Flatbed,Broker,981 -> 770,1.48,1.92,0.43999999999999995,29.729729729729726
981,770,Reefer,Asset,981 -> 770,0.0,0.0,0.0,
981,770,Reefer,Broker,981 -> 770,1.58,2.02,0.43999999999999995,27.848101265822777
981,770,Van,Asset,981 -> 770,2.12,2.67,0.5499999999999998,25.943396226415082
981,770,Van,Broker,981 -> 770,1.81,2.25,0.43999999999999995,24.309392265193367
981,900,Flatbed,Asset,981 -> 900,3.55,4.09,0.54,15.211267605633804
981,900,Flatbed,Broker,981 -> 900,2.42,2.87,0.4500000000000002,18.595041322314056
981,900,Reefer,Asset,981 -> 900,1.48,1.91,0.42999999999999994,29.054054054054053
981,900,Reefer,Broker,981 -> 900,1.8,2.26,0.45999999999999974,25.555555555555543
981,900,Van,Asset,981 -> 900,1.14,1.63,0.49,42.98245614035088
981,900,Van,Broker,981 -> 900,0.93,1.37,0.44000000000000006,47.31182795698925
981,972,Flatbed,Asset,981 -> 972,2.3,2.75,0.4500000000000002,19.56521739130436
981,972,Flatbed,Broker,981 -> 972,4.24,4.68,0.4399999999999995,10.377358490566026
981,972,Reefer,Asset,981 -> 972,3.85,4.36,0.5100000000000002,13.24675324675325
981,972,Reefer,Broker,981 -> 972,3.85,4.29,0.43999999999999995,11.428571428571427
981,972,Van,Asset,981 -> 972,3.98,4.62,0.6400000000000001,16.080402010050253
981,972,Van,Broker,981 -> 972,3.87,4.31,0.4399999999999995,11.369509043927636
