origin_zip3,destination_zip3,trailer_type,carrier_type,avg_rate,min_rate,max_rate,count
21,100,Flatbed,Asset,5.385,3.2,9.675,2
21,100,Flatbed,Broker,4.71,2.52,6.85,2
21,100,Reefer,Asset,0.0,0.0,0.0,2
21,100,Reefer,Broker,4.35,2.96,5.4399999999999995,2
21,100,Van,Asset,4.13,1.155,6.135,2
21,100,Van,Broker,4.13,2.63,5.970000000000001,2
100,21,Flatbed,Asset,0.0,0.0,0.0,2
100,21,Flatbed,Broker,5.395,3.7,6.92,2
100,21,Reefer,Asset,0.0,0.0,0.0,2
100,21,Reefer,Broker,5.039999999999999,3.1950000000000003,6.115,2
100,21,Van,Asset,5.289999999999999,3.92,6.255,2
100,21,Van,Broker,4.76,3.66,5.7,2
100,191,Flatbed,Asset,2.76,1.6749999999999998,6.9399999999999995,2
100,191,Flatbed,Broker,5.92,4.12,8.79,2
100,191,Reefer,Asset,0.0,0.0,0.0,2
100,191,Reefer,Broker,5.234999999999999,4.484999999999999,8.32,2
100,191,Van,Asset,6.515000000000001,3.9250000000000003,10.08,2
100,191,Van,Broker,5.41,3.52,6.779999999999999,2
100,212,Flatbed,Asset,4.859999999999999,1.84,9.440000000000001,2
100,212,Flatbed,Broker,3.745,1.605,4.85,2
100,212,Reefer,Asset,0.0,0.0,0.0,2
100,212,Reefer,Broker,5.16,4.34,8.469999999999999,2
100,212,Van,Asset,3.835,2.6,5.175000000000001,2
100,212,Van,Broker,5.01,3.76,7.62,2
100,303,Flatbed,Asset,0.0,0.0,0.0,2
100,303,Flatbed,Broker,2.24,1.45,4.795,2
100,303,Reefer,Asset,0.0,0.0,0.0,2
100,303,Reefer,Broker,2.47,1.05,3.91,2
100,303,Van,Asset,2.1550000000000002,1.845,2.49,2
100,303,Van,Broker,1.99,1.43,3.27,2
100,331,Flatbed,Asset,0.0,0.0,0.0,2
100,331,Flatbed,Broker,2.0949999999999998,1.81,3.4050000000000002,2
100,331,Reefer,Asset,0.0,0.0,0.0,2
100,331,Reefer,Broker,2.63,2.0700000000000003,3.0,2
100,331,Van,Asset,2.29,1.52,3.42,2
100,331,Van,Broker,2.63,2.11,4.02,2
100,606,Flatbed,Asset,0.0,0.0,0.0,2
100,606,Flatbed,Broker,1.75,1.48,2.075,2
100,606,Reefer,Asset,0.0,0.0,0.0,2
100,606,Reefer,Broker,2.045,0.99,3.8200000000000003,2
100,606,Van,Asset,0.0,0.0,0.0,2
100,606,Van,Broker,1.73,1.32,2.27,2
100,750,Flatbed,Asset,0.0,0.0,0.0,2
100,750,Flatbed,Broker,0.0,0.0,0.0,2
100,750,Reefer,Asset,0.0,0.0,0.0,2
100,750,Reefer,Broker,1.505,0.875,1.955,2
100,750,Van,Asset,1.47,1.13,1.845,2
100,750,Van,Broker,2.39,1.52,6.49,2
100,770,Flatbed,Asset,0.0,0.0,0.0,2
100,770,Flatbed,Broker,1.6949999999999998,1.0,2.74,2
100,770,Reefer,Asset,0.0,0.0,0.0,2
100,770,Reefer,Broker,0.0,0.0,0.0,2
100,770,Van,Asset,1.49,1.155,2.21,2
100,770,Van,Broker,1.37,0.9349999999999999,1.635,2
100,900,Flatbed,Asset,0.0,0.0,0.0,2
100,900,Flatbed,Broker,0.0,0.0,0.0,2
100,900,Reefer,Asset,0.0,0.0,0.0,2
100,900,Reefer,Broker,0.0,0.0,0.0,2
100,900,Van,Asset,0.0,0.0,0.0,2
100,900,Van,Broker,1.255,0.94,1.48,2
100,981,Flatbed,Asset,0.0,0.0,0.0,2
100,981,Flatbed,Broker,0.0,0.0,0.0,2
100,981,Reefer,Asset,0.0,0.0,0.0,2
100,981,Reefer,Broker,0.0,0.0,0.0,2
100,981,Van,Asset,0.0,0.0,0.0,2
100,981,Van,Broker,0.0,0.0,0.0,2
191,100,Flatbed,Asset,8.815000000000001,3.6950000000000003,10.745000000000001,2
191,100,Flatbed,Broker,8.129999999999999,7.359999999999999,9.620000000000001,2
191,100,Reefer,Asset,0.0,0.0,0.0,2
191,100,Reefer,Broker,7.59,6.55,9.01,2
191,100,Van,Asset,6.375,3.55,9.690000000000001,2
191,100,Van,Broker,7.0600000000000005,3.4699999999999998,9.5,2
191,303,Flatbed,Asset,2.015,1.615,2.215,2
191,303,Flatbed,Broker,1.7349999999999999,1.07,2.48,2
191,303,Reefer,Asset,2.41,1.78,3.0300000000000002,2
191,303,Reefer,Broker,2.705,2.05,4.21,2
191,303,Van,Asset,2.18,1.3900000000000001,3.08,2
191,303,Van,Broker,2.375,1.69,4.07,2
191,606,Flatbed,Asset,1.97,1.3050000000000002,2.72,2
191,606,Flatbed,Broker,1.815,1.16,2.54,2
191,606,Reefer,Asset,1.8399999999999999,1.47,2.3499999999999996,2
191,606,Reefer,Broker,1.8599999999999999,1.01,3.1799999999999997,2
191,606,Van,Asset,1.49,1.3599999999999999,1.69,2
191,606,Van,Broker,1.34,1.01,2.01,2
212,100,Flatbed,Asset,6.125,3.55,8.58,2
212,100,Flatbed,Broker,5.5,4.96,6.79,2
212,100,Reefer,Asset,0.0,0.0,0.0,2
212,100,Reefer,Broker,6.17,4.295,8.059999999999999,2
212,100,Van,Asset,5.205,3.295,8.02,2
212,100,Van,Broker,5.3,2.73,7.58,2
282,303,Flatbed,Asset,4.0,2.27,5.485,2
282,303,Flatbed,Broker,2.9699999999999998,1.71,5.220000000000001,2
282,303,Reefer,Asset,4.574999999999999,2.26,6.725,2
282,303,Reefer,Broker,3.62,2.3200000000000003,6.54,2
282,303,Van,Asset,3.2,1.54,6.87,2
282,303,Van,Broker,3.1799999999999997,2.19,4.15,2
303,100,Flatbed,Asset,3.72,2.29,4.215,2
303,100,Flatbed,Broker,3.01,2.8,3.3449999999999998,2
303,100,Reefer,Asset,0.0,0.0,0.0,2
303,100,Reefer,Broker,2.415,1.565,3.065,2
303,100,Van,Asset,3.175,1.905,7.01,2
303,100,Van,Broker,2.3600000000000003,1.51,2.8,2
303,191,Flatbed,Asset,3.7350000000000003,3.07,4.285,2
303,191,Flatbed,Broker,2.545,1.43,3.505,2
303,191,Reefer,Asset,2.48,1.895,2.9400000000000004,2
303,191,Reefer,Broker,2.48,1.66,3.27,2
303,191,Van,Asset,2.255,1.6400000000000001,2.55,2
303,191,Van,Broker,2.455,1.5750000000000002,3.46,2
303,282,Flatbed,Asset,3.965,2.59,5.32,2
303,282,Flatbed,Broker,3.355,2.06,6.279999999999999,2
303,282,Reefer,Asset,4.325,2.545,7.155,2
303,282,Reefer,Broker,4.24,3.0999999999999996,5.68,2
303,282,Van,Asset,3.0,1.79,5.43,2
303,282,Van,Broker,2.8899999999999997,2.59,3.88,2
303,331,Flatbed,Asset,3.1950000000000003,2.73,4.025,2
303,331,Flatbed,Broker,2.915,1.145,4.1,2
303,331,Reefer,Asset,3.355,2.58,3.9,2
303,331,Reefer,Broker,2.9050000000000002,1.6400000000000001,4.58,2
303,331,Van,Asset,3.105,2.05,4.99,2
303,331,Van,Broker,2.895,2.225,3.62,2
303,372,Flatbed,Asset,3.38,2.5300000000000002,4.82,2
303,372,Flatbed,Broker,3.39,2.09,4.470000000000001,2
303,372,Reefer,Asset,3.5700000000000003,2.835,4.54,2
303,372,Reefer,Broker,3.41,2.0300000000000002,5.38,2
303,372,Van,Asset,2.685,1.72,4.34,2
303,372,Van,Broker,2.98,1.92,4.3100000000000005,2
303,381,Flatbed,Asset,2.78,2.3,3.75,2
303,381,Flatbed,Broker,2.4299999999999997,1.91,3.12,2
303,381,Reefer,Asset,3.635,2.15,4.4399999999999995,2
303,381,Reefer,Broker,2.6950000000000003,1.65,4.405,2
303,381,Van,Asset,1.96,1.8,2.225,2
303,381,Van,Broker,1.77,1.21,2.17,2
303,432,Flatbed,Asset,2.645,2.0,3.23,2
303,432,Flatbed,Broker,2.38,1.72,2.92,2
303,432,Reefer,Asset,2.27,1.8199999999999998,3.8149999999999995,2
303,432,Reefer,Broker,2.51,1.71,3.3449999999999998,2
303,432,Van,Asset,2.09,1.22,3.24,2
303,432,Van,Broker,1.74,1.2,2.51,2
303,606,Flatbed,Asset,2.4699999999999998,1.77,3.01,2
303,606,Flatbed,Broker,2.23,1.38,2.77,2
303,606,Reefer,Asset,1.6949999999999998,1.16,2.115,2
303,606,Reefer,Broker,1.73,1.32,2.2800000000000002,2
303,606,Van,Asset,1.525,1.085,1.81,2
303,606,Van,Broker,1.35,0.74,2.16,2
303,750,Flatbed,Asset,2.725,1.645,4.045,2
303,750,Flatbed,Broker,1.93,1.53,2.5999999999999996,2
303,750,Reefer,Asset,1.88,1.24,2.27,2
303,750,Reefer,Broker,1.94,1.44,2.9299999999999997,2
303,750,Van,Asset,1.7,1.295,2.05,2
303,750,Van,Broker,1.46,1.205,1.665,2
303,770,Flatbed,Asset,2.58,1.77,3.215,2
303,770,Flatbed,Broker,1.76,1.1300000000000001,2.48,2
303,770,Reefer,Asset,1.72,1.065,2.175,2
303,770,Reefer,Broker,1.82,1.51,2.26,2
303,770,Van,Asset,1.68,1.46,2.0700000000000003,2
303,770,Van,Broker,1.5350000000000001,1.29,1.79,2
303,850,Flatbed,Asset,2.495,1.58,3.0949999999999998,2
303,850,Flatbed,Broker,2.11,0.81,3.105,2
303,850,Reefer,Asset,1.6749999999999998,0.9249999999999999,2.3949999999999996,2
303,850,Reefer,Broker,1.33,1.19,1.47,2
303,850,Van,Asset,1.62,0.95,2.19,2
303,850,Van,Broker,1.455,1.19,2.11,2
303,981,Flatbed,Asset,0.0,0.0,0.0,2
303,981,Flatbed,Broker,1.455,0.8500000000000001,2.15,2
303,981,Reefer,Asset,1.995,1.4100000000000001,2.05,2
303,981,Reefer,Broker,1.5,1.28,1.8699999999999999,2
303,981,Van,Asset,2.145,1.45,4.18,2
303,981,Van,Broker,1.8250000000000002,1.29,2.165,2
331,100,Flatbed,Asset,0.0,0.0,0.0,2
331,100,Flatbed,Broker,1.76,1.185,2.35,2
331,100,Reefer,Asset,0.0,0.0,0.0,2
331,100,Reefer,Broker,2.09,1.54,2.74,2
331,100,Van,Asset,1.7349999999999999,1.28,2.3049999999999997,2
331,100,Van,Broker,1.785,1.38,2.04,2
331,303,Flatbed,Asset,1.94,1.22,2.855,2
331,303,Flatbed,Broker,1.2850000000000001,1.08,1.54,2
331,303,Reefer,Asset,1.54,0.77,2.76,2
331,303,Reefer,Broker,1.29,0.98,1.79,2
331,303,Van,Asset,1.48,0.74,2.51,2
331,303,Van,Broker,0.8,0.73,0.8800000000000001,2
331,336,Flatbed,Asset,2.7649999999999997,2.085,3.45,2
331,336,Flatbed,Broker,2.63,1.48,5.59,2
331,336,Reefer,Asset,3.83,2.675,6.449999999999999,2
331,336,Reefer,Broker,3.77,2.0,5.73,2
331,336,Van,Asset,2.76,1.3,3.79,2
331,336,Van,Broker,1.78,1.4,2.38,2
331,606,Flatbed,Asset,0.0,0.0,0.0,2
331,606,Flatbed,Broker,1.415,0.94,1.6400000000000001,2
331,606,Reefer,Asset,1.37,0.8,1.745,2
331,606,Reefer,Broker,1.145,0.8,1.91,2
331,606,Van,Asset,1.025,0.76,1.26,2
331,606,Van,Broker,1.19,0.81,3.62,2
331,750,Flatbed,Asset,1.8499999999999999,1.205,2.94,2
331,750,Flatbed,Broker,1.335,0.75,1.69,2
331,750,Reefer,Asset,1.245,0.94,1.345,2
331,750,Reefer,Broker,1.2850000000000001,1.02,1.865,2
331,750,Van,Asset,0.885,0.74,1.1,2
331,750,Van,Broker,0.97,0.8500000000000001,1.09,2
331,770,Flatbed,Asset,2.215,1.27,3.35,2
331,770,Flatbed,Broker,1.8399999999999999,0.8,3.005,2
331,770,Reefer,Asset,1.295,0.79,1.94,2
331,770,Reefer,Broker,1.295,0.9199999999999999,2.12,2
331,770,Van,Asset,0.8900000000000001,0.745,1.2349999999999999,2
331,770,Van,Broker,1.055,0.78,1.48,2
336,331,Flatbed,Asset,4.4350000000000005,2.27,6.965,2
336,331,Flatbed,Broker,3.8249999999999997,1.8,6.720000000000001,2
336,331,Reefer,Asset,4.165,2.81,6.12,2
336,331,Reefer,Broker,3.51,2.6399999999999997,4.76,2
336,331,Van,Asset,3.535,2.23,5.029999999999999,2
336,331,Van,Broker,2.62,1.94,3.3099999999999996,2
372,303,Flatbed,Asset,3.245,2.8200000000000003,4.17,2
372,303,Flatbed,Broker,3.3,2.4699999999999998,4.71,2
372,303,Reefer,Asset,4.140000000000001,3.245,5.02,2
372,303,Reefer,Broker,4.359999999999999,3.04,7.38,2
372,303,Van,Asset,3.49,1.98,5.445,2
372,303,Van,Broker,3.5999999999999996,2.45,5.88,2
381,303,Flatbed,Asset,3.33,2.64,4.1,2
381,303,Flatbed,Broker,2.9400000000000004,2.46,3.74,2
381,303,Reefer,Asset,3.77,2.5700000000000003,5.325,2
381,303,Reefer,Broker,4.015000000000001,2.9000000000000004,4.68,2
381,303,Van,Asset,2.96,2.2199999999999998,3.705,2
381,303,Van,Broker,3.0250000000000004,1.93,4.3,2
381,606,Flatbed,Asset,3.455,2.5300000000000002,5.1899999999999995,2
381,606,Flatbed,Broker,2.83,2.3200000000000003,3.09,2
381,606,Reefer,Asset,2.665,1.905,3.9050000000000002,2
381,606,Reefer,Broker,3.0549999999999997,2.0300000000000002,4.16,2
381,606,Van,Asset,2.2800000000000002,1.49,2.795,2
381,606,Van,Broker,1.96,1.25,2.59,2
432,303,Flatbed,Asset,2.79,2.17,3.16,2
432,303,Flatbed,Broker,2.5300000000000002,2.01,3.33,2
432,303,Reefer,Asset,3.125,2.39,3.5149999999999997,2
432,303,Reefer,Broker,4.09,3.0599999999999996,5.4,2
432,303,Van,Asset,2.465,1.84,3.4299999999999997,2
432,303,Van,Broker,3.08,1.43,4.29,2
441,606,Flatbed,Asset,2.925,2.43,3.8600000000000003,2
441,606,Flatbed,Broker,2.79,2.2,3.75,2
441,606,Reefer,Asset,1.955,1.32,2.425,2
441,606,Reefer,Broker,1.8849999999999998,1.605,3.14,2
441,606,Van,Asset,4.140000000000001,1.63,4.83,2
441,606,Van,Broker,2.37,0.765,6.27,2
462,606,Flatbed,Asset,3.51,2.465,6.735,2
462,606,Flatbed,Broker,5.46,2.21,8.21,2
462,606,Reefer,Asset,4.87,2.885,7.105,2
462,606,Reefer,Broker,4.55,2.9400000000000004,6.34,2
462,606,Van,Asset,3.29,1.5350000000000001,4.734999999999999,2
462,606,Van,Broker,3.415,2.11,5.42,2
482,606,Flatbed,Asset,4.335,2.41,5.61,2
482,606,Flatbed,Broker,3.08,1.97,4.529999999999999,2
482,606,Reefer,Asset,2.315,1.615,3.2,2
482,606,Reefer,Broker,3.0549999999999997,1.66,5.699999999999999,2
482,606,Van,Asset,1.93,1.52,2.58,2
482,606,Van,Broker,2.33,1.46,3.33,2
554,606,Flatbed,Asset,1.76,1.1749999999999998,2.8600000000000003,2
554,606,Flatbed,Broker,1.52,0.81,1.9,2
554,606,Reefer,Asset,3.26,2.705,4.57,2
554,606,Reefer,Broker,3.7199999999999998,2.8,4.19,2
554,606,Van,Asset,2.59,1.72,3.08,2
554,606,Van,Broker,2.37,1.43,3.58,2
606,100,Flatbed,Asset,0.0,0.0,0.0,2
606,100,Flatbed,Broker,3.28,2.45,3.855,2
606,100,Reefer,Asset,0.0,0.0,0.0,2
606,100,Reefer,Broker,3.5999999999999996,1.8,4.85,2
606,100,Van,Asset,2.625,1.9500000000000002,3.005,2
606,100,Van,Broker,3.5999999999999996,1.92,5.35,2
606,191,Flatbed,Asset,2.9699999999999998,2.335,3.085,2
606,191,Flatbed,Broker,2.76,1.025,3.66,2
606,191,Reefer,Asset,3.175,2.31,4.8,2
606,191,Reefer,Broker,3.97,3.2,4.51,2
606,191,Van,Asset,2.87,2.255,3.4699999999999998,2
606,191,Van,Broker,2.92,2.33,4.05,2
606,303,Flatbed,Asset,2.575,1.935,3.52,2
606,303,Flatbed,Broker,2.3049999999999997,1.59,2.7199999999999998,2
606,303,Reefer,Asset,3.24,2.5700000000000003,4.41,2
606,303,Reefer,Broker,3.88,2.92,4.9,2
606,303,Van,Asset,2.54,2.12,3.1399999999999997,2
606,303,Van,Broker,2.9000000000000004,2.19,3.6900000000000004,2
606,331,Flatbed,Asset,2.6799999999999997,1.915,2.9050000000000002,2
606,331,Flatbed,Broker,2.07,1.01,2.6500000000000004,2
606,331,Reefer,Asset,2.85,2.4000000000000004,3.2,2
606,331,Reefer,Broker,2.9400000000000004,2.6799999999999997,3.27,2
606,331,Van,Asset,2.785,2.48,3.75,2
606,331,Van,Broker,2.62,1.27,3.67,2
606,381,Flatbed,Asset,2.4850000000000003,1.65,3.6100000000000003,2
606,381,Flatbed,Broker,1.83,1.375,2.77,2
606,381,Reefer,Asset,2.8200000000000003,2.31,4.800000000000001,2
606,381,Reefer,Broker,3.5149999999999997,2.88,4.4,2
606,381,Van,Asset,2.3899999999999997,1.51,3.4299999999999997,2
606,381,Van,Broker,2.44,2.01,3.51,2
606,441,Flatbed,Asset,3.37,2.3899999999999997,4.41,2
606,441,Flatbed,Broker,3.2199999999999998,1.96,4.470000000000001,2
606,441,Reefer,Asset,3.42,2.42,5.154999999999999,2
606,441,Reefer,Broker,4.41,3.3499999999999996,5.98,2
606,441,Van,Asset,3.015,2.27,4.65,2
606,441,Van,Broker,3.74,2.96,4.3100000000000005,2
606,462,Flatbed,Asset,4.205,2.485,5.984999999999999,2
606,462,Flatbed,Broker,3.55,2.4699999999999998,4.17,2
606,462,Reefer,Asset,5.710000000000001,4.385,7.71,2
606,462,Reefer,Broker,5.470000000000001,4.220000000000001,7.859999999999999,2
606,462,Van,Asset,3.35,2.41,4.83,2
606,462,Van,Broker,4.359999999999999,2.01,6.29,2
606,482,Flatbed,Asset,3.415,2.7,4.41,2
606,482,Flatbed,Broker,2.8600000000000003,2.0999999999999996,4.96,2
606,482,Reefer,Asset,5.045,2.295,6.87,2
606,482,Reefer,Broker,4.92,1.94,6.79,2
606,482,Van,Asset,3.55,2.535,5.359999999999999,2
606,482,Van,Broker,3.585,1.88,6.16,2
606,554,Flatbed,Asset,4.24,1.97,4.94,2
606,554,Flatbed,Broker,2.89,2.505,3.4450000000000003,2
606,554,Reefer,Asset,3.0250000000000004,1.9500000000000002,4.635,2
606,554,Reefer,Broker,2.76,2.0300000000000002,3.88,2
606,554,Van,Asset,2.675,1.81,3.7,2
606,554,Van,Broker,3.015,2.07,3.67,2
606,750,Flatbed,Asset,2.8200000000000003,1.95,5.02,2
606,750,Flatbed,Broker,2.09,1.885,2.58,2
606,750,Reefer,Asset,2.48,2.145,2.99,2
606,750,Reefer,Broker,2.79,1.52,5.18,2
606,750,Van,Asset,2.51,1.835,3.02,2
606,750,Van,Broker,2.4400000000000004,1.95,3.91,2
606,770,Flatbed,Asset,2.385,1.225,2.8,2
606,770,Flatbed,Broker,1.88,1.63,2.2800000000000002,2
606,770,Reefer,Asset,2.425,2.205,3.035,2
606,770,Reefer,Broker,2.6500000000000004,2.3099999999999996,3.05,2
606,770,Van,Asset,1.99,1.5750000000000002,2.59,2
606,770,Van,Broker,1.99,1.7,2.52,2
606,802,Flatbed,Asset,3.3449999999999998,2.5300000000000002,3.5149999999999997,2
606,802,Flatbed,Broker,3.01,2.6799999999999997,3.5,2
606,802,Reefer,Asset,2.79,2.0149999999999997,3.0300000000000002,2
606,802,Reefer,Broker,2.49,2.16,3.3600000000000003,2
606,802,Van,Asset,2.665,2.15,3.495,2
606,802,Van,Broker,2.99,1.19,4.29,2
606,850,Flatbed,Asset,2.415,1.8900000000000001,3.0949999999999998,2
606,850,Flatbed,Broker,2.15,1.585,2.35,2
606,850,Reefer,Asset,1.7349999999999999,1.365,2.16,2
606,850,Reefer,Broker,1.72,1.48,2.13,2
606,850,Van,Asset,1.625,1.295,1.93,2
606,850,Van,Broker,1.74,0.81,2.27,2
606,900,Flatbed,Asset,2.395,1.92,2.585,2
606,900,Flatbed,Broker,1.59,0.8700000000000001,2.175,2
606,900,Reefer,Asset,1.23,0.885,1.9100000000000001,2
606,900,Reefer,Broker,1.51,1.27,1.8599999999999999,2
606,900,Van,Asset,2.1399999999999997,1.295,2.175,2
606,900,Van,Broker,1.6099999999999999,1.04,2.21,2
606,941,Flatbed,Asset,0.0,0.0,0.0,2
606,941,Flatbed,Broker,1.87,0.79,4.04,2
606,941,Reefer,Asset,0.0,0.0,0.0,2
606,941,Reefer,Broker,1.355,1.17,1.75,2
606,941,Van,Asset,1.79,1.1400000000000001,2.24,2
606,941,Van,Broker,1.52,1.1300000000000001,2.38,2
606,981,Flatbed,Asset,0.0,0.0,0.0,2
606,981,Flatbed,Broker,1.7349999999999999,1.2650000000000001,1.94,2
606,981,Reefer,Asset,1.7,1.3250000000000002,2.23,2
606,981,Reefer,Broker,2.0,1.78,2.34,2
606,981,Van,Asset,2.05,1.58,3.2800000000000002,2
606,981,Van,Broker,1.79,1.27,2.45,2
641,750,Flatbed,Asset,2.58,1.8050000000000002,3.6950000000000003,2
641,750,Flatbed,Broker,2.49,1.96,2.8499999999999996,2
641,750,Reefer,Asset,3.05,2.19,3.6100000000000003,2
641,750,Reefer,Broker,4.1,2.6799999999999997,5.6899999999999995,2
641,750,Van,Asset,2.24,1.415,3.83,2
641,750,Van,Broker,1.9700000000000002,0.5800000000000001,2.86,2
750,100,Flatbed,Asset,0.0,0.0,0.0,2
750,100,Flatbed,Broker,2.29,1.475,3.035,2
750,100,Reefer,Asset,0.0,0.0,0.0,2
750,100,Reefer,Broker,1.895,0.6000000000000001,2.57,2
750,100,Van,Asset,0.0,0.0,0.0,2
750,100,Van,Broker,2.105,1.55,2.95,2
750,303,Flatbed,Asset,1.945,1.54,2.83,2
750,303,Flatbed,Broker,1.84,1.16,2.11,2
750,303,Reefer,Asset,2.175,1.75,3.02,2
750,303,Reefer,Broker,2.84,2.1550000000000002,4.18,2
750,303,Van,Asset,1.98,1.435,2.5,2
750,303,Van,Broker,2.4400000000000004,2.01,3.5599999999999996,2
750,331,Flatbed,Asset,2.38,1.73,3.05,2
750,331,Flatbed,Broker,1.875,1.65,2.3099999999999996,2
750,331,Reefer,Asset,2.78,2.26,3.375,2
750,331,Reefer,Broker,2.57,2.08,3.31,2
750,331,Van,Asset,2.25,1.945,2.7,2
750,331,Van,Broker,2.18,1.33,3.045,2
750,606,Flatbed,Asset,2.37,1.66,4.34,2
750,606,Flatbed,Broker,1.92,1.75,2.05,2
750,606,Reefer,Asset,1.635,1.45,1.82,2
750,606,Reefer,Broker,1.6099999999999999,1.29,2.12,2
750,606,Van,Asset,1.77,1.1749999999999998,1.9100000000000001,2
750,606,Van,Broker,1.545,0.64,2.0700000000000003,2
750,641,Flatbed,Asset,2.625,1.9449999999999998,3.455,2
750,641,Flatbed,Broker,2.75,1.6400000000000001,7.029999999999999,2
750,641,Reefer,Asset,1.725,1.455,2.02,2
750,641,Reefer,Broker,2.195,1.46,3.1799999999999997,2
750,641,Van,Asset,1.935,1.49,2.4699999999999998,2
750,641,Van,Broker,1.79,1.68,1.88,2
750,770,Flatbed,Asset,4.04,1.98,6.15,2
750,770,Flatbed,Broker,2.2,1.77,2.83,2
750,770,Reefer,Asset,4.075,2.375,4.48,2
750,770,Reefer,Broker,3.17,2.77,4.390000000000001,2
750,770,Van,Asset,3.565,1.68,4.33,2
750,770,Van,Broker,2.4299999999999997,0.95,4.45,2
750,802,Flatbed,Asset,3.67,1.885,5.79,2
750,802,Flatbed,Broker,2.92,1.8599999999999999,3.4400000000000004,2
750,802,Reefer,Asset,2.285,1.705,2.6799999999999997,2
750,802,Reefer,Broker,2.03,1.4049999999999998,4.83,2
750,802,Van,Asset,2.6900000000000004,1.845,3.325,2
750,802,Van,Broker,2.7800000000000002,2.0999999999999996,5.12,2
750,850,Flatbed,Asset,2.815,1.0350000000000001,5.17,2
750,850,Flatbed,Broker,2.4699999999999998,1.77,4.2,2
750,850,Reefer,Asset,1.94,1.49,2.42,2
750,850,Reefer,Broker,1.56,1.32,2.38,2
750,850,Van,Asset,1.345,0.8900000000000001,2.11,2
750,850,Van,Broker,1.34,1.06,1.83,2
750,900,Flatbed,Asset,2.78,1.745,4.595,2
750,900,Flatbed,Broker,2.1399999999999997,0.79,3.1799999999999997,2
750,900,Reefer,Asset,2.215,0.985,3.165,2
750,900,Reefer,Broker,1.52,1.11,3.17,2
750,900,Van,Asset,1.71,0.76,2.915,2
750,900,Van,Broker,0.96,0.76,1.73,2
750,981,Flatbed,Asset,2.435,1.8450000000000002,2.815,2
750,981,Flatbed,Broker,1.9649999999999999,1.5750000000000002,2.66,2
750,981,Reefer,Asset,1.875,1.23,2.505,2
750,981,Reefer,Broker,1.77,1.56,1.99,2
750,981,Van,Asset,2.3,1.7149999999999999,2.8,2
750,981,Van,Broker,1.62,1.01,2.0700000000000003,2
770,100,Flatbed,Asset,0.0,0.0,0.0,2
770,100,Flatbed,Broker,1.835,0.8400000000000001,2.415,2
770,100,Reefer,Asset,0.0,0.0,0.0,2
770,100,Reefer,Broker,2.25,1.97,3.34,2
770,100,Van,Asset,0.0,0.0,0.0,2
770,100,Van,Broker,1.85,1.1400000000000001,2.175,2
770,303,Flatbed,Asset,2.14,1.54,2.7350000000000003,2
770,303,Flatbed,Broker,1.92,1.42,2.38,2
770,303,Reefer,Asset,2.3200000000000003,2.19,3.18,2
770,303,Reefer,Broker,2.87,2.28,3.6500000000000004,2
770,303,Van,Asset,1.995,1.46,2.46,2
770,303,Van,Broker,2.24,1.88,3.27,2
770,331,Flatbed,Asset,2.8200000000000003,1.9449999999999998,4.57,2
770,331,Flatbed,Broker,1.97,0.97,2.49,2
770,331,Reefer,Asset,2.55,2.1149999999999998,2.715,2
770,331,Reefer,Broker,2.535,2.355,2.84,2
770,331,Van,Asset,2.3049999999999997,1.7850000000000001,2.745,2
770,331,Van,Broker,2.4400000000000004,0.95,3.73,2
770,606,Flatbed,Asset,2.11,1.46,3.12,2
770,606,Flatbed,Broker,1.68,1.11,1.95,2
770,606,Reefer,Asset,1.68,1.2349999999999999,2.25,2
770,606,Reefer,Broker,1.585,1.2650000000000001,2.13,2
770,606,Van,Asset,1.8399999999999999,1.74,1.99,2
770,606,Van,Broker,1.8599999999999999,1.51,2.6399999999999997,2
770,750,Flatbed,Asset,3.3049999999999997,2.1399999999999997,4.785,2
770,750,Flatbed,Broker,3.21,1.56,4.7,2
770,750,Reefer,Asset,2.79,2.365,3.16,2
770,750,Reefer,Broker,3.49,2.5999999999999996,3.83,2
770,750,Van,Asset,2.59,1.8399999999999999,4.495,2
770,750,Van,Broker,2.52,1.65,5.29,2
770,900,Flatbed,Asset,3.605,1.835,9.56,2
770,900,Flatbed,Broker,2.24,1.09,4.49,2
770,900,Reefer,Asset,1.8199999999999998,1.0350000000000001,2.07,2
770,900,Reefer,Broker,1.3900000000000001,1.12,1.6099999999999999,2
770,900,Van,Asset,2.66,1.47,4.48,2
770,900,Van,Broker,1.005,0.81,1.1400000000000001,2
770,981,Flatbed,Asset,2.4299999999999997,1.635,3.3049999999999997,2
770,981,Flatbed,Broker,1.76,1.06,2.365,2
770,981,Reefer,Asset,0.0,0.0,0.0,2
770,981,Reefer,Broker,1.5950000000000002,1.225,1.7999999999999998,2
770,981,Van,Asset,2.585,1.4249999999999998,4.585,2
770,981,Van,Broker,1.9449999999999998,0.8800000000000001,2.75,2
802,606,Flatbed,Asset,1.37,1.005,1.6749999999999998,2
802,606,Flatbed,Broker,1.525,0.8300000000000001,2.9,2
802,606,Reefer,Asset,1.8450000000000002,1.2149999999999999,2.52,2
802,606,Reefer,Broker,1.8599999999999999,1.3050000000000002,3.05,2
802,606,Van,Asset,0.995,0.77,1.385,2
802,606,Van,Broker,0.9149999999999999,0.76,1.9700000000000002,2
802,750,Flatbed,Asset,1.345,0.895,3.1900000000000004,2
802,750,Flatbed,Broker,1.21,0.79,1.57,2
802,750,Reefer,Asset,1.885,1.2650000000000001,2.25,2
802,750,Reefer,Broker,1.8699999999999999,1.38,2.46,2
802,750,Van,Asset,1.125,0.77,1.4049999999999998,2
802,750,Van,Broker,1.0,0.8,1.21,2
850,303,Flatbed,Asset,1.565,1.245,2.225,2
850,303,Flatbed,Broker,1.56,0.545,2.2649999999999997,2
850,303,Reefer,Asset,2.3600000000000003,1.82,2.8200000000000003,2
850,303,Reefer,Broker,2.7,2.23,2.91,2
850,303,Van,Asset,2.0300000000000002,1.2349999999999999,2.49,2
850,303,Van,Broker,2.0300000000000002,1.7,2.4400000000000004,2
850,606,Flatbed,Asset,0.0,0.0,0.0,2
850,606,Flatbed,Broker,1.52,0.765,1.82,2
850,606,Reefer,Asset,2.4450000000000003,1.995,2.915,2
850,606,Reefer,Broker,2.3449999999999998,1.9100000000000001,2.87,2
850,606,Van,Asset,1.625,1.16,2.4400000000000004,2
850,606,Van,Broker,1.76,1.395,2.665,2
850,750,Flatbed,Asset,1.595,1.1949999999999998,2.315,2
850,750,Flatbed,Broker,1.1400000000000001,0.96,1.38,2
850,750,Reefer,Asset,2.5149999999999997,2.2399999999999998,3.1100000000000003,2
850,750,Reefer,Broker,2.83,2.0700000000000003,3.5700000000000003,2
850,750,Van,Asset,2.04,1.49,2.565,2
850,750,Van,Broker,2.2,1.82,2.7199999999999998,2
850,900,Flatbed,Asset,2.005,1.21,2.96,2
850,900,Flatbed,Broker,1.7,1.01,5.640000000000001,2
850,900,Reefer,Asset,2.0949999999999998,0.865,2.8,2
850,900,Reefer,Broker,4.720000000000001,2.16,7.359999999999999,2
850,900,Van,Asset,1.75,0.98,5.41,2
850,900,Van,Broker,1.18,0.8900000000000001,1.58,2
900,100,Flatbed,Asset,0.0,0.0,0.0,2
900,100,Flatbed,Broker,0.0,0.0,0.0,2
900,100,Reefer,Asset,0.0,0.0,0.0,2
900,100,Reefer,Broker,2.265,0.77,2.8,2
900,100,Van,Asset,0.0,0.0,0.0,2
900,100,Van,Broker,2.035,0.97,2.59,2
900,606,Flatbed,Asset,2.85,1.55,4.9,2
900,606,Flatbed,Broker,1.74,1.26,2.255,2
900,606,Reefer,Asset,2.125,1.775,2.7800000000000002,2
900,606,Reefer,Broker,2.08,1.75,2.505,2
900,606,Van,Asset,2.27,2.02,3.145,2
900,606,Van,Broker,2.4699999999999998,1.27,3.1900000000000004,2
900,750,Flatbed,Asset,1.92,1.605,2.91,2
900,750,Flatbed,Broker,1.75,0.9249999999999999,2.91,2
900,750,Reefer,Asset,2.47,2.115,2.635,2
900,750,Reefer,Broker,2.51,1.25,2.995,2
900,750,Van,Asset,2.5549999999999997,2.3200000000000003,3.2,2
900,750,Van,Broker,2.6100000000000003,1.81,3.6900000000000004,2
900,770,Flatbed,Asset,2.98,1.185,8.74,2
900,770,Flatbed,Broker,1.43,1.08,1.91,2
900,770,Reefer,Asset,2.215,1.78,2.435,2
900,770,Reefer,Broker,2.4050000000000002,2.0999999999999996,2.63,2
900,770,Van,Asset,1.98,1.12,3.12,2
900,770,Van,Broker,2.6399999999999997,1.1300000000000001,4.92,2
900,850,Flatbed,Asset,3.8550000000000004,2.99,4.49,2
900,850,Flatbed,Broker,3.16,1.74,5.26,2
900,850,Reefer,Asset,2.63,1.755,4.4399999999999995,2
900,850,Reefer,Broker,3.2,2.66,4.29,2
900,850,Van,Asset,3.48,2.58,4.46,2
900,850,Van,Broker,3.375,1.93,5.38,2
900,941,Flatbed,Asset,4.83,1.915,9.615,2
900,941,Flatbed,Broker,3.54,1.09,7.99,2
900,941,Reefer,Asset,3.68,2.645,4.54,2
900,941,Reefer,Broker,3.6500000000000004,2.33,5.45,2
900,941,Van,Asset,4.125,3.3200000000000003,9.594999999999999,2
900,941,Van,Broker,3.25,1.7,5.2,2
900,981,Flatbed,Asset,2.46,1.79,4.55,2
900,981,Flatbed,Broker,1.79,0.95,2.5300000000000002,2
900,981,Reefer,Asset,2.545,2.045,3.1550000000000002,2
900,981,Reefer,Broker,2.48,2.0999999999999996,3.71,2
900,981,Van,Asset,3.39,2.835,3.8499999999999996,2
900,981,Van,Broker,2.83,1.99,4.25,2
941,606,Flatbed,Asset,0.0,0.0,0.0,2
941,606,Flatbed,Broker,1.625,1.1949999999999998,1.83,2
941,606,Reefer,Asset,2.3049999999999997,1.6949999999999998,2.4050000000000002,2
941,606,Reefer,Broker,1.87,1.58,2.2649999999999997,2
941,606,Van,Asset,3.165,1.47,4.94,2
941,606,Van,Broker,1.8599999999999999,1.0,2.77,2
941,900,Flatbed,Asset,4.645,1.845,9.42,2
941,900,Flatbed,Broker,2.915,2.2800000000000002,4.02,2
941,900,Reefer,Asset,2.08,0.565,2.815,2
941,900,Reefer,Broker,2.52,1.6400000000000001,3.27,2
941,900,Van,Asset,2.2800000000000002,1.32,7.960000000000001,2
941,900,Van,Broker,1.56,1.09,3.73,2
972,981,Flatbed,Asset,2.605,2.21,7.475,2
972,981,Flatbed,Broker,4.08,2.3200000000000003,5.23,2
972,981,Reefer,Asset,5.51,2.74,6.57,2
972,981,Reefer,Broker,4.8,3.7199999999999998,5.99,2
972,981,Van,Asset,3.725,2.0300000000000002,6.765000000000001,2
972,981,Van,Broker,3.13,1.83,6.16,2
981,100,Flatbed,Asset,0.0,0.0,0.0,2
981,100,Flatbed,Broker,0.0,0.0,0.0,2
981,100,Reefer,Asset,0.0,0.0,0.0,2
981,100,Reefer,Broker,2.31,2.0,2.59,2
981,100,Van,Asset,0.0,0.0,0.0,2
981,100,Van,Broker,1.71,1.44,2.0149999999999997,2
981,303,Flatbed,Asset,1.65,1.455,2.105,2
981,303,Flatbed,Broker,1.7149999999999999,0.76,2.665,2
981,303,Reefer,Asset,2.04,1.75,2.605,2
981,303,Reefer,Broker,2.085,0.76,2.715,2
981,303,Van,Asset,1.52,1.02,1.98,2
981,303,Van,Broker,1.78,1.32,2.26,2
981,606,Flatbed,Asset,0.0,0.0,0.0,2
981,606,Flatbed,Broker,1.5750000000000002,0.735,2.235,2
981,606,Reefer,Asset,1.79,1.395,2.4699999999999998,2
981,606,Reefer,Broker,2.23,1.965,2.48,2
981,606,Van,Asset,1.5,1.02,1.875,2
981,606,Van,Broker,1.5,0.97,1.95,2
981,750,Flatbed,Asset,1.58,1.4049999999999998,1.8,2
981,750,Flatbed,Broker,1.9049999999999998,1.6400000000000001,2.67,2
981,750,Reefer,Asset,1.915,1.565,2.3200000000000003,2
981,750,Reefer,Broker,2.49,1.95,2.97,2
981,750,Van,Asset,1.5550000000000002,0.96,2.1399999999999997,2
981,750,Van,Broker,2.02,1.8,2.38,2
981,770,Flatbed,Asset,1.44,1.085,1.6749999999999998,2
981,770,Flatbed,Broker,1.7,0.8600000000000001,2.02,2
981,770,Reefer,Asset,0.0,0.0,0.0,2
981,770,Reefer,Broker,1.8,0.73,2.77,2
981,770,Van,Asset,2.395,1.03,3.485,2
981,770,Van,Broker,2.0300000000000002,1.66,2.77,2
981,900,Flatbed,Asset,3.82,2.215,7.04,2
981,900,Flatbed,Broker,2.645,1.44,3.6900000000000004,2
981,900,Reefer,Asset,1.6949999999999998,0.8049999999999999,2.895,2
981,900,Reefer,Broker,2.03,1.2,2.605,2
981,900,Van,Asset,1.3849999999999998,0.75,2.585,2
981,900,Van,Broker,1.1500000000000001,0.8300000000000001,1.65,2
981,972,Flatbed,Asset,2.525,1.875,5.775,2
981,972,Flatbed,Broker,4.46,2.84,5.88,2
981,972,Reefer,Asset,4.105,2.46,7.12,2
981,972,Reefer,Broker,4.07,3.0700000000000003,6.45,2
981,972,Van,Asset,4.3,2.3899999999999997,7.395,2
981,972,Van,Broker,4.09,2.3600000000000003,6.49,2
