pulled_at,endpoint_type,origin_zip3,destination_zip3,trailer_type,carrier_type,include_fuel,include_quartiles,average,minimum,maximum,quartile1,quartile2,quartile3,orders,contributors,days_window,origin_zip3_str,destination_zip3_str,origin_state,destination_state
2026-01-06T16:46:26+00:00,buy,900,606,Van,Broker,True,True,2.69,1.49,3.41,2.61,2.96,3.01,16,6,7,900,606,,
2026-01-06T16:46:29+00:00,sell,900,606,Van,Asset,True,True,2.5,2.24,3.35,2.44,2.45,2.46,29,7,28,900,606,,
2026-01-06T16:46:42+00:00,buy,606,900,Van,Broker,True,True,1.83,1.26,2.43,1.72,1.83,1.98,20,6,7,606,900,,
2026-01-06T16:46:53+00:00,buy,606,900,Reefer,Broker,True,True,1.73,1.49,2.08,1.55,1.66,1.94,10,5,14,606,900,,
2026-01-06T16:46:56+00:00,buy,100,606,Van,Broker,True,True,1.95,1.54,2.49,1.77,1.91,2.08,7,6,7,100,606,,
2026-01-06T16:47:07+00:00,buy,606,100,Van,Broker,True,True,3.82,2.14,5.57,3.31,3.5,4.37,11,9,7,606,100,,
2026-01-06T16:47:14+00:00,buy,606,100,Reefer,Broker,True,True,3.82,2.02,5.07,3.45,4.19,4.35,12,6,14,606,100,,
2026-01-06T16:47:46+00:00,buy,100,900,Van,Broker,True,True,1.48,1.17,1.7,1.4,1.44,1.63,7,7,28,100,900,,
2026-01-06T16:47:57+00:00,buy,900,750,Van,Broker,True,True,2.83,2.03,3.91,2.52,2.72,3.01,28,15,7,900,750,,
2026-01-06T16:47:59+00:00,sell,900,750,Van,Asset,True,True,2.78,2.54,3.42,2.58,2.78,2.92,23,8,7,900,750,,
2026-01-06T16:48:03+00:00,sell,900,750,Flatbed,Asset,True,True,2.14,1.82,3.13,1.9,1.93,2.17,12,6,28,900,750,,
2026-01-06T16:48:22+00:00,buy,900,750,Reefer,Broker,True,True,2.74,1.47,3.23,2.6,2.8,2.91,23,5,28,900,750,,
2026-01-06T16:48:42+00:00,sell,900,750,Reefer,Asset,True,True,2.7,2.33,2.87,2.54,2.78,2.86,18,7,28,900,750,,
2026-01-06T16:48:44+00:00,buy,750,900,Van,Broker,True,True,1.18,0.98,1.95,1.01,1.07,1.19,16,5,7,750,900,,
2026-01-06T16:49:03+00:00,sell,750,900,Van,Asset,True,True,1.94,0.99,3.18,1.88,1.89,1.9,49,5,28,750,900,,
2026-01-06T16:49:05+00:00,buy,750,900,Flatbed,Broker,True,True,2.36,1.01,3.4,2.12,2.38,2.41,22,8,14,750,900,,
2026-01-06T16:49:09+00:00,buy,750,900,Reefer,Broker,True,True,1.74,1.33,3.39,1.45,1.56,1.83,12,5,7,750,900,,
2026-01-06T16:50:14+00:00,buy,900,770,Van,Broker,True,True,2.86,1.35,5.14,2.41,2.65,2.76,13,7,7,900,770,,
2026-01-06T16:51:29+00:00,buy,900,770,Flatbed,Broker,True,True,1.65,1.3,2.13,1.49,1.65,1.66,5,5,7,900,770,,
2026-01-06T16:51:33+00:00,buy,900,770,Reefer,Broker,True,True,2.63,2.32,2.85,2.51,2.62,2.77,20,7,28,900,770,,
2026-01-06T16:51:54+00:00,buy,770,900,Van,Broker,True,True,1.23,1.03,1.36,1.16,1.23,1.35,10,6,28,770,900,,
2026-01-06T16:52:36+00:00,buy,770,900,Flatbed,Broker,True,True,2.46,1.31,4.71,1.81,2.27,2.44,13,6,7,770,900,,
2026-01-06T16:52:40+00:00,buy,770,900,Reefer,Broker,True,True,1.61,1.34,1.83,1.61,1.62,1.63,8,5,7,770,900,,
2026-01-06T16:52:45+00:00,buy,606,750,Van,Broker,True,True,2.66,2.17,4.13,2.5,2.5,2.69,14,7,14,606,750,,
2026-01-06T16:52:47+00:00,sell,606,750,Van,Asset,True,True,2.73,2.05,3.24,2.38,2.94,2.95,18,8,14,606,750,,
2026-01-06T16:52:50+00:00,buy,606,750,Flatbed,Broker,True,True,2.32,2.12,2.8,2.14,2.27,2.43,10,6,28,606,750,,
2026-01-06T16:52:52+00:00,sell,606,750,Flatbed,Asset,True,True,3.06,2.17,5.37,2.46,2.69,2.81,11,6,28,606,750,,
2026-01-06T16:52:55+00:00,buy,606,750,Reefer,Broker,True,True,3.01,1.74,5.4,2.84,2.86,3.25,17,8,7,606,750,,
2026-01-06T16:52:59+00:00,buy,750,606,Van,Broker,True,True,1.76,0.72,2.29,1.64,1.73,1.95,31,12,7,750,606,,
2026-01-06T16:53:03+00:00,sell,750,606,Van,Asset,True,True,2.0,1.4,2.14,2.05,2.06,2.07,37,5,28,750,606,,
2026-01-06T16:53:05+00:00,buy,750,606,Flatbed,Broker,True,True,2.14,1.97,2.27,2.06,2.16,2.21,9,5,28,750,606,,
2026-01-06T16:53:46+00:00,buy,750,606,Reefer,Broker,True,True,1.83,1.51,2.34,1.73,1.78,1.84,10,5,14,750,606,,
2026-01-06T16:53:48+00:00,sell,750,606,Reefer,Asset,True,True,1.83,1.68,2.02,1.74,1.82,1.91,10,7,14,750,606,,
2026-01-06T16:53:50+00:00,buy,606,770,Van,Broker,True,True,2.21,1.92,2.74,1.98,2.2,2.33,11,7,14,606,770,,
2026-01-06T16:53:52+00:00,sell,606,770,Van,Asset,True,True,2.21,1.81,2.8,2.05,2.27,2.28,19,7,28,606,770,,
2026-01-06T16:53:53+00:00,buy,606,770,Flatbed,Broker,True,True,2.1,1.85,2.5,1.98,2.07,2.2,8,5,14,606,770,,
2026-01-06T16:54:27+00:00,buy,606,770,Reefer,Broker,True,True,2.87,2.53,3.27,2.64,2.86,3.09,10,5,7,606,770,,
2026-01-06T16:54:31+00:00,buy,770,606,Van,Broker,True,True,2.08,1.73,2.86,1.83,1.91,2.2,7,6,7,770,606,,
2026-01-06T16:54:33+00:00,sell,770,606,Van,Asset,True,True,2.05,1.95,2.19,1.96,2.03,2.13,6,5,14,770,606,,
2026-01-06T16:54:34+00:00,buy,770,606,Flatbed,Broker,True,True,1.9,1.33,2.17,1.82,1.91,2.06,12,5,7,770,606,,
2026-01-06T16:54:59+00:00,buy,100,303,Van,Broker,True,True,2.21,1.65,3.49,1.65,2.23,2.37,15,5,7,100,303,,
2026-01-06T16:55:41+00:00,buy,303,100,Van,Broker,True,True,2.58,1.73,3.02,2.46,2.51,2.88,9,5,14,303,100,,
2026-01-06T16:55:45+00:00,buy,303,100,Flatbed,Broker,True,True,3.24,3.02,3.58,3.15,3.21,3.25,6,5,28,303,100,,
2026-01-06T16:55:52+00:00,buy,303,750,Van,Broker,True,True,1.69,1.44,1.9,1.64,1.67,1.74,18,6,28,303,750,,
2026-01-06T16:55:53+00:00,sell,303,750,Van,Asset,True,True,1.9,1.51,2.22,1.81,1.99,2.01,9,5,28,303,750,,
2026-01-06T16:55:55+00:00,buy,303,750,Flatbed,Broker,True,True,2.15,1.75,2.82,2.02,2.08,2.22,10,7,14,303,750,,
2026-01-06T16:56:06+00:00,sell,303,750,Flatbed,Asset,True,True,2.95,2.05,4.29,2.35,2.93,3.25,6,6,14,303,750,,
2026-01-06T16:56:08+00:00,buy,303,750,Reefer,Broker,True,True,2.16,1.66,3.15,1.92,2.1,2.34,35,8,7,303,750,,
2026-01-06T16:56:10+00:00,sell,303,750,Reefer,Asset,True,True,2.08,1.46,2.47,1.98,2.03,2.4,29,10,14,303,750,,
2026-01-06T16:56:12+00:00,buy,750,303,Van,Broker,True,True,2.66,2.23,3.78,2.33,2.5,2.76,14,6,14,750,303,,
2026-01-06T16:56:13+00:00,sell,750,303,Van,Asset,True,True,2.19,1.67,2.67,1.97,2.05,2.51,22,10,7,750,303,,
2026-01-06T16:56:15+00:00,buy,750,303,Flatbed,Broker,True,True,2.06,1.38,2.33,1.9,2.11,2.33,9,5,14,750,303,,
2026-01-06T16:56:18+00:00,buy,750,303,Reefer,Broker,True,True,3.07,2.39,4.4,2.49,2.82,3.67,14,6,28,750,303,,
2026-01-06T16:56:20+00:00,sell,750,303,Reefer,Asset,True,True,2.38,1.98,3.24,2.29,2.4,2.43,36,7,14,750,303,,
2026-01-06T16:56:22+00:00,buy,303,770,Van,Broker,True,True,1.76,1.51,2.01,1.64,1.71,1.9,8,6,28,303,770,,
2026-01-06T16:56:24+00:00,sell,303,770,Van,Asset,True,True,1.9,1.68,2.29,1.7,1.83,2.0,9,6,7,303,770,,
2026-01-06T16:56:26+00:00,buy,303,770,Flatbed,Broker,True,True,1.98,1.35,2.7,1.6,2.09,2.25,10,5,7,303,770,,
2026-01-06T16:56:27+00:00,sell,303,770,Flatbed,Asset,True,True,2.81,2.01,3.43,2.52,2.78,3.34,16,10,14,303,770,,
2026-01-06T16:56:29+00:00,buy,303,770,Reefer,Broker,True,True,2.04,1.73,2.48,1.91,2.02,2.13,19,9,7,303,770,,
2026-01-06T16:56:32+00:00,sell,303,770,Reefer,Asset,True,True,1.96,1.3,2.42,1.94,2.03,2.06,6,5,28,303,770,,
2026-01-06T16:56:51+00:00,buy,770,303,Van,Broker,True,True,2.46,2.1,3.49,2.16,2.32,2.33,9,7,14,770,303,,
2026-01-06T16:56:53+00:00,sell,770,303,Van,Asset,True,True,2.2,1.69,2.67,2.15,2.17,2.28,25,8,14,770,303,,
2026-01-06T16:56:54+00:00,buy,770,303,Flatbed,Broker,True,True,2.14,1.64,2.6,1.95,2.19,2.33,12,7,7,770,303,,
2026-01-06T16:56:56+00:00,sell,770,303,Flatbed,Asset,True,True,2.35,1.74,2.95,2.18,2.33,2.43,14,7,14,770,303,,
2026-01-06T16:57:15+00:00,buy,770,303,Reefer,Broker,True,True,3.09,2.51,3.87,2.93,3.03,3.26,12,7,14,770,303,,
2026-01-06T16:57:35+00:00,buy,750,770,Van,Broker,True,True,2.65,1.17,4.67,2.42,2.43,3.16,44,17,7,750,770,,
2026-01-06T16:57:37+00:00,sell,750,770,Van,Asset,True,True,3.79,1.9,4.55,2.89,4.55,4.55,58,10,28,750,770,,
2026-01-06T16:57:39+00:00,buy,750,770,Flatbed,Broker,True,True,2.42,1.99,3.05,2.33,2.46,2.47,19,8,7,750,770,,
2026-01-06T16:57:41+00:00,sell,750,770,Flatbed,Asset,True,True,4.23,2.2,6.36,3.45,4.31,4.95,65,9,7,750,770,,
2026-01-06T16:57:42+00:00,buy,750,770,Reefer,Broker,True,True,3.39,2.99,4.61,3.07,3.24,3.41,8,7,7,750,770,,
2026-01-06T16:57:45+00:00,sell,750,770,Reefer,Asset,True,True,4.29,2.61,4.71,4.13,4.6,4.61,80,5,28,750,770,,
2026-01-06T16:57:46+00:00,buy,770,750,Van,Broker,True,True,2.74,1.87,5.51,2.3,2.35,3.0,23,15,7,770,750,,
2026-01-06T16:57:48+00:00,sell,770,750,Van,Asset,True,True,2.84,2.3,4.71,2.33,2.41,2.47,5,5,14,770,750,,
2026-01-06T16:57:50+00:00,buy,770,750,Flatbed,Broker,True,True,3.43,1.78,4.92,3.29,3.34,3.68,24,10,7,770,750,,
2026-01-06T16:57:52+00:00,sell,770,750,Flatbed,Asset,True,True,3.53,2.36,4.93,3.08,3.63,3.8,7,6,14,770,750,,
2026-01-06T16:57:54+00:00,buy,770,750,Reefer,Broker,True,True,3.71,2.82,4.05,3.66,3.8,3.86,36,7,7,770,750,,
2026-01-06T16:57:55+00:00,sell,770,750,Reefer,Asset,True,True,2.99,2.54,3.31,2.97,3.0,3.05,19,6,14,770,750,,
2026-01-06T16:57:57+00:00,buy,606,303,Van,Broker,True,True,3.12,2.41,3.91,2.81,3.01,3.45,35,20,7,606,303,,
2026-01-06T16:57:59+00:00,sell,606,303,Van,Asset,True,True,2.76,2.34,3.36,2.46,2.65,3.03,10,8,7,606,303,,
2026-01-06T16:58:18+00:00,buy,606,303,Flatbed,Broker,True,True,2.53,1.81,2.94,2.42,2.49,2.81,13,6,28,606,303,,
2026-01-06T16:58:20+00:00,sell,606,303,Flatbed,Asset,True,True,2.8,2.13,3.75,2.66,2.75,2.91,10,7,28,606,303,,
2026-01-06T16:58:22+00:00,buy,606,303,Reefer,Broker,True,True,4.1,3.14,5.12,3.68,4.04,4.46,11,9,7,606,303,,
2026-01-06T16:58:24+00:00,sell,606,303,Reefer,Asset,True,True,3.45,2.73,4.63,3.07,3.36,3.63,9,6,14,606,303,,
2026-01-06T16:59:03+00:00,buy,303,606,Van,Broker,True,True,1.57,0.96,2.38,1.34,1.54,1.78,39,23,7,303,606,,
2026-01-06T16:59:06+00:00,sell,303,606,Van,Asset,True,True,1.74,1.28,2.03,1.7,1.73,1.87,12,6,7,303,606,,
2026-01-06T16:59:08+00:00,buy,303,606,Flatbed,Broker,True,True,2.45,1.6,2.99,2.28,2.48,2.81,15,7,14,303,606,,
2026-01-06T16:59:10+00:00,sell,303,606,Flatbed,Asset,True,True,2.67,1.99,3.15,2.66,2.73,2.8,6,5,28,303,606,,
2026-01-06T16:59:12+00:00,buy,303,606,Reefer,Broker,True,True,1.95,1.54,2.5,1.83,1.92,2.05,26,10,7,303,606,,
2026-01-06T16:59:14+00:00,sell,303,606,Reefer,Asset,True,True,1.97,1.38,2.41,1.56,2.07,2.26,9,7,14,303,606,,
2026-01-06T17:00:48+00:00,buy,750,100,Van,Broker,True,True,2.33,1.79,3.17,2.18,2.33,2.46,17,8,28,750,100,,
2026-01-06T17:00:58+00:00,buy,100,750,Van,Broker,True,True,2.62,1.75,6.72,1.87,1.94,3.14,16,10,28,100,750,,
2026-01-06T17:01:09+00:00,buy,900,981,Van,Broker,True,True,3.05,2.21,4.47,2.75,2.9,3.14,31,14,7,900,981,,
2026-01-06T17:01:11+00:00,sell,900,981,Van,Asset,True,True,3.6,3.06,4.06,3.43,3.5,4.03,12,5,28,900,981,,
2026-01-06T17:01:30+00:00,buy,900,981,Flatbed,Broker,True,True,2.01,1.17,2.75,1.82,1.91,2.22,16,5,7,900,981,,
2026-01-06T17:01:51+00:00,buy,900,981,Reefer,Broker,True,True,2.7,2.32,3.93,2.45,2.66,2.73,21,7,7,900,981,,
2026-01-06T17:01:54+00:00,buy,981,900,Van,Broker,True,True,1.37,1.05,1.87,1.11,1.29,1.54,18,12,7,981,900,,
2026-01-06T17:01:56+00:00,sell,981,900,Van,Asset,True,True,1.63,0.97,2.86,1.33,1.59,1.81,16,6,28,981,900,,
2026-01-06T17:02:16+00:00,buy,981,900,Flatbed,Broker,True,True,2.87,1.67,3.91,2.64,3.04,3.39,9,7,28,981,900,,
2026-01-06T17:02:20+00:00,buy,981,900,Reefer,Broker,True,True,2.26,1.42,2.84,2.0,2.31,2.41,12,6,28,981,900,,
2026-01-06T17:02:23+00:00,buy,606,981,Van,Broker,True,True,2.01,1.47,2.67,1.73,2.04,2.17,15,7,14,606,981,,
2026-01-06T17:02:31+00:00,buy,606,981,Reefer,Broker,True,True,2.22,2.0,2.56,2.05,2.13,2.37,8,5,7,606,981,,
2026-01-06T17:02:35+00:00,buy,981,606,Van,Broker,True,True,1.72,1.19,2.17,1.27,1.88,2.08,15,5,14,981,606,,
2026-01-06T17:03:19+00:00,buy,303,981,Van,Broker,True,True,2.04,1.51,2.38,1.7,1.93,2.37,25,5,14,303,981,,
2026-01-06T17:03:30+00:00,buy,303,981,Reefer,Broker,True,True,1.72,1.5,2.09,1.56,1.7,1.82,8,5,14,303,981,,
2026-01-06T17:03:34+00:00,buy,981,303,Van,Broker,True,True,2.0,1.54,2.48,1.76,2.04,2.21,7,7,14,981,303,,
2026-01-06T17:03:50+00:00,buy,750,981,Van,Broker,True,True,1.84,1.23,2.29,1.73,1.82,2.08,13,7,7,750,981,,
2026-01-06T17:04:36+00:00,buy,750,981,Reefer,Broker,True,True,1.99,1.78,2.21,1.91,2.03,2.07,8,6,14,750,981,,
2026-01-06T17:04:52+00:00,buy,981,750,Van,Broker,True,True,2.24,2.02,2.6,2.12,2.19,2.3,8,5,14,981,750,,
2026-01-06T17:05:08+00:00,buy,770,981,Van,Broker,True,True,2.15,1.1,2.78,2.07,2.23,2.32,16,9,14,770,981,,
2026-01-06T17:05:23+00:00,buy,981,770,Van,Broker,True,True,2.25,1.88,2.99,1.99,2.07,2.31,8,6,14,981,770,,
2026-01-06T17:05:38+00:00,buy,331,100,Van,Broker,True,True,2.01,1.6,2.26,2.01,2.01,2.07,26,5,28,331,100,,
2026-01-06T17:05:49+00:00,buy,331,100,Reefer,Broker,True,True,2.31,1.76,2.96,2.16,2.24,2.48,49,7,14,331,100,,
2026-01-06T17:06:10+00:00,buy,100,331,Van,Broker,True,True,2.86,2.34,4.25,2.59,2.95,2.95,18,9,28,100,331,,
2026-01-06T17:06:22+00:00,buy,331,606,Van,Broker,True,True,1.41,1.03,3.84,1.12,1.19,1.26,13,5,14,331,606,,
2026-01-06T17:06:29+00:00,buy,331,606,Reefer,Broker,True,True,1.37,1.02,2.13,1.22,1.3,1.52,25,5,28,331,606,,
2026-01-06T17:06:33+00:00,buy,606,331,Van,Broker,True,True,2.84,1.49,3.89,2.74,2.85,3.2,9,7,7,606,331,,
2026-01-06T17:06:35+00:00,sell,606,331,Van,Asset,True,True,3.01,2.71,3.97,2.73,2.92,3.08,9,7,28,606,331,,
2026-01-06T17:06:40+00:00,buy,606,331,Reefer,Broker,True,True,3.16,2.9,3.49,2.98,3.11,3.33,10,8,14,606,331,,
2026-01-06T17:06:55+00:00,buy,331,303,Van,Broker,True,True,1.02,0.95,1.1,0.98,0.99,1.07,7,6,7,331,303,,
2026-01-06T17:06:57+00:00,sell,331,303,Van,Asset,True,True,1.69,0.96,2.68,1.04,1.52,2.27,12,6,7,331,303,,
2026-01-06T17:07:00+00:00,buy,331,303,Flatbed,Broker,True,True,1.51,1.31,1.76,1.5,1.51,1.51,25,6,28,331,303,,
2026-01-06T17:07:22+00:00,buy,331,303,Reefer,Broker,True,True,1.51,1.2,2.01,1.38,1.38,1.69,11,6,14,331,303,,
2026-01-06T17:07:25+00:00,sell,331,303,Reefer,Asset,True,True,1.76,0.99,2.97,1.62,1.64,1.79,47,5,14,331,303,,
2026-01-06T17:07:28+00:00,buy,303,331,Van,Broker,True,True,3.12,2.46,3.85,2.68,3.14,3.51,9,5,28,303,331,,
2026-01-06T17:07:30+00:00,sell,303,331,Van,Asset,True,True,3.31,2.26,5.21,3.34,3.35,3.35,46,10,7,303,331,,
2026-01-06T17:07:32+00:00,buy,303,331,Flatbed,Broker,True,True,3.13,1.19,4.32,2.82,2.97,3.33,33,13,7,303,331,,
2026-01-06T17:07:35+00:00,sell,303,331,Flatbed,Asset,True,True,3.44,2.95,4.29,3.22,3.24,3.64,11,7,14,303,331,,
2026-01-06T17:07:37+00:00,buy,303,331,Reefer,Broker,True,True,3.12,1.86,4.8,2.89,3.12,3.29,67,18,7,303,331,,
2026-01-06T17:07:40+00:00,sell,303,331,Reefer,Asset,True,True,3.63,2.78,4.1,3.49,3.63,3.92,72,6,14,303,331,,
2026-01-06T17:07:42+00:00,buy,331,750,Van,Broker,True,True,1.19,1.07,1.31,1.11,1.2,1.28,6,6,7,331,750,,
2026-01-06T17:07:45+00:00,sell,331,750,Van,Asset,True,True,1.11,0.96,1.32,1.03,1.03,1.2,7,6,14,331,750,,
2026-01-06T17:07:52+00:00,buy,331,750,Reefer,Broker,True,True,1.51,1.25,2.1,1.37,1.52,1.62,34,5,28,331,750,,
2026-01-06T17:07:56+00:00,buy,750,331,Van,Broker,True,True,2.41,1.56,3.28,2.26,2.37,2.58,13,8,28,750,331,,
2026-01-06T17:07:58+00:00,sell,750,331,Van,Asset,True,True,2.48,2.18,2.92,2.42,2.49,2.49,16,6,28,750,331,,
2026-01-06T17:08:00+00:00,buy,750,331,Flatbed,Broker,True,True,2.1,1.87,2.53,2.01,2.06,2.11,19,5,28,750,331,,
2026-01-06T17:08:04+00:00,buy,750,331,Reefer,Broker,True,True,2.8,2.31,3.54,2.64,2.78,2.92,38,8,28,750,331,,
2026-01-06T17:08:08+00:00,buy,331,770,Van,Broker,True,True,1.28,1.01,1.7,1.18,1.2,1.24,9,5,28,331,770,,
2026-01-06T17:08:15+00:00,buy,331,770,Reefer,Broker,True,True,1.52,1.15,2.35,1.3,1.36,1.72,23,5,28,331,770,,
2026-01-06T17:08:36+00:00,buy,770,331,Van,Broker,True,True,2.66,1.17,3.95,2.41,2.62,2.97,22,8,7,770,331,,
2026-01-06T17:08:39+00:00,buy,770,331,Flatbed,Broker,True,True,2.19,1.19,2.71,2.17,2.27,2.35,20,7,14,770,331,,
2026-01-06T17:08:42+00:00,sell,770,331,Flatbed,Asset,True,True,3.04,2.21,4.79,2.5,3.13,3.15,10,5,28,770,331,,
2026-01-06T17:09:08+00:00,buy,191,100,Van,Broker,True,True,7.28,3.69,9.72,6.43,7.63,7.92,19,9,7,191,100,,
2026-01-06T17:09:15+00:00,buy,191,100,Flatbed,Broker,True,True,8.35,7.58,9.84,7.76,8.4,8.55,7,6,7,191,100,,
2026-01-06T17:09:21+00:00,buy,191,100,Reefer,Broker,True,True,7.81,6.77,9.23,7.32,7.64,8.19,7,5,7,191,100,,
2026-01-06T17:09:27+00:00,buy,100,191,Van,Broker,True,True,5.63,3.74,7.0,5.2,5.8,6.0,18,5,7,100,191,,
2026-01-06T17:09:31+00:00,buy,100,191,Flatbed,Broker,True,True,6.15,4.35,9.01,5.54,6.57,6.57,34,5,28,100,191,,
2026-01-06T17:09:35+00:00,buy,100,191,Reefer,Broker,True,True,5.46,4.72,8.55,4.72,4.72,6.38,40,6,28,100,191,,
2026-01-06T17:09:38+00:00,buy,191,606,Van,Broker,True,True,1.56,1.23,2.23,1.31,1.43,1.79,27,13,7,191,606,,
2026-01-06T17:09:41+00:00,sell,191,606,Van,Asset,True,True,1.72,1.59,1.92,1.64,1.7,1.78,6,5,28,191,606,,
2026-01-06T17:09:46+00:00,buy,191,606,Reefer,Broker,True,True,2.08,1.23,3.4,1.8,2.1,2.28,17,9,7,191,606,,
2026-01-06T17:09:47+00:00,sell,191,606,Reefer,Asset,True,True,2.07,1.7,2.57,1.93,1.94,2.2,5,5,14,191,606,,
2026-01-06T17:09:49+00:00,buy,606,191,Van,Broker,True,True,3.14,2.55,4.27,2.92,3.05,3.24,13,7,7,606,191,,
2026-01-06T17:09:56+00:00,buy,606,191,Reefer,Broker,True,True,4.19,3.42,4.73,4.08,4.28,4.37,11,7,14,606,191,,
2026-01-06T17:10:00+00:00,buy,191,303,Van,Broker,True,True,2.59,1.91,4.29,2.2,2.32,2.99,27,17,7,191,303,,
2026-01-06T17:10:20+00:00,sell,191,303,Van,Asset,True,True,2.39,1.61,3.3,2.14,2.44,2.66,14,8,14,191,303,,
2026-01-06T17:10:21+00:00,buy,191,303,Flatbed,Broker,True,True,1.96,1.3,2.7,1.56,2.12,2.17,8,6,28,191,303,,
2026-01-06T17:10:25+00:00,buy,191,303,Reefer,Broker,True,True,2.93,2.29,4.43,2.58,2.83,3.17,17,10,7,191,303,,
2026-01-06T17:10:27+00:00,sell,191,303,Reefer,Asset,True,True,2.6,2.0,3.25,2.45,2.53,2.69,24,7,14,191,303,,
2026-01-06T17:10:46+00:00,buy,303,191,Van,Broker,True,True,2.68,1.84,3.68,2.22,2.6,2.97,24,13,7,303,191,,
2026-01-06T17:11:06+00:00,sell,303,191,Van,Asset,True,True,2.47,1.84,2.77,2.35,2.65,2.66,13,5,14,303,191,,
2026-01-06T17:11:07+00:00,buy,303,191,Flatbed,Broker,True,True,2.77,1.65,3.74,2.25,2.69,3.29,14,6,28,303,191,,
2026-01-06T17:11:09+00:00,sell,303,191,Flatbed,Asset,True,True,3.95,3.34,4.43,3.69,3.79,4.22,11,6,28,303,191,,
2026-01-06T17:11:11+00:00,buy,303,191,Reefer,Broker,True,True,2.7,1.88,3.49,2.29,2.8,3.06,12,7,7,303,191,,
2026-01-06T17:11:14+00:00,sell,303,191,Reefer,Asset,True,True,2.69,2.12,3.16,2.48,2.84,2.89,9,7,14,303,191,,
2026-01-06T17:11:15+00:00,buy,850,900,Van,Broker,True,True,1.4,1.11,1.8,1.22,1.35,1.66,31,7,14,850,900,,
2026-01-06T17:11:17+00:00,sell,850,900,Van,Asset,True,True,1.98,1.2,5.63,1.75,1.83,1.91,17,6,7,850,900,,
2026-01-06T17:11:20+00:00,buy,850,900,Flatbed,Broker,True,True,1.92,1.23,5.86,1.64,1.79,1.84,20,6,7,850,900,,
2026-01-06T17:11:24+00:00,buy,850,900,Reefer,Broker,True,True,4.94,2.38,7.58,3.32,4.56,7.05,11,8,7,850,900,,
2026-01-06T17:11:25+00:00,sell,850,900,Reefer,Asset,True,True,2.31,0.96,3.02,2.03,2.45,2.69,8,6,28,850,900,,
2026-01-06T17:11:27+00:00,buy,900,850,Van,Broker,True,True,3.6,2.15,5.6,3.25,3.44,3.55,12,7,14,900,850,,
2026-01-06T17:11:29+00:00,sell,900,850,Van,Asset,True,True,3.71,2.8,4.68,3.52,3.77,3.97,55,6,7,900,850,,
2026-01-06T17:11:31+00:00,buy,900,850,Flatbed,Broker,True,True,3.38,1.96,5.48,3.01,3.19,3.69,39,12,7,900,850,,
2026-01-06T17:11:32+00:00,sell,900,850,Flatbed,Asset,True,True,4.11,3.21,4.76,3.41,4.42,4.57,19,5,14,900,850,,
2026-01-06T17:11:34+00:00,buy,900,850,Reefer,Broker,True,True,3.42,2.88,4.51,2.88,3.51,3.68,23,6,7,900,850,,
2026-01-06T17:11:36+00:00,sell,900,850,Reefer,Asset,True,True,2.87,2.03,4.66,2.59,2.6,3.13,59,9,28,900,850,,
2026-01-06T17:11:38+00:00,buy,850,750,Van,Broker,True,True,2.42,2.04,2.94,2.21,2.34,2.65,18,8,7,850,750,,
2026-01-06T17:12:16+00:00,sell,850,750,Van,Asset,True,True,2.25,1.71,2.75,2.12,2.26,2.41,11,8,7,850,750,,
2026-01-06T17:12:37+00:00,buy,850,750,Flatbed,Broker,True,True,1.34,1.18,1.6,1.24,1.33,1.42,12,5,14,850,750,,
2026-01-06T17:12:39+00:00,sell,850,750,Flatbed,Asset,True,True,1.81,1.41,2.58,1.46,1.63,2.13,8,7,28,850,750,,
2026-01-06T17:12:41+00:00,buy,850,750,Reefer,Broker,True,True,3.05,2.29,3.79,2.8,3.06,3.33,28,7,14,850,750,,
2026-01-06T17:12:44+00:00,sell,850,750,Reefer,Asset,True,True,2.77,2.53,3.33,2.53,2.81,2.92,9,5,14,850,750,,
2026-01-06T17:12:46+00:00,buy,750,850,Van,Broker,True,True,1.57,1.28,2.05,1.38,1.59,1.6,15,8,7,750,850,,
2026-01-06T17:12:48+00:00,sell,750,850,Van,Asset,True,True,1.56,1.11,2.32,1.29,1.42,1.82,30,10,14,750,850,,
2026-01-06T17:12:51+00:00,buy,750,850,Flatbed,Broker,True,True,2.69,1.99,4.42,2.24,2.39,2.54,13,6,14,750,850,,
2026-01-06T17:12:55+00:00,buy,750,850,Reefer,Broker,True,True,1.78,1.54,2.6,1.64,1.68,1.91,22,8,7,750,850,,
2026-01-06T17:12:58+00:00,sell,750,850,Reefer,Asset,True,True,2.17,1.72,2.67,1.88,2.18,2.22,17,5,28,750,850,,
2026-01-06T17:13:10+00:00,buy,850,606,Reefer,Broker,True,True,2.57,2.14,3.09,2.44,2.54,2.63,41,5,28,850,606,,
2026-01-06T17:13:15+00:00,buy,606,850,Van,Broker,True,True,1.96,1.03,2.49,1.73,2.0,2.27,19,9,7,606,850,,
2026-01-06T17:13:20+00:00,buy,606,850,Flatbed,Broker,True,True,2.38,1.82,2.58,2.33,2.39,2.44,41,6,28,606,850,,
2026-01-06T17:14:01+00:00,buy,606,850,Reefer,Broker,True,True,1.94,1.7,2.35,1.76,1.89,2.03,8,5,14,606,850,,
2026-01-06T17:14:06+00:00,buy,850,303,Van,Broker,True,True,2.25,1.92,2.66,2.16,2.26,2.37,21,9,7,850,303,,
2026-01-06T17:14:34+00:00,buy,850,303,Reefer,Broker,True,True,2.92,2.45,3.13,2.84,3.01,3.05,11,6,14,850,303,,
2026-01-06T17:14:36+00:00,sell,850,303,Reefer,Asset,True,True,2.7,2.04,3.04,2.75,2.75,2.75,69,6,14,850,303,,
2026-01-06T17:14:39+00:00,buy,303,850,Van,Broker,True,True,1.67,1.41,2.32,1.44,1.62,1.67,37,10,7,303,850,,
2026-01-06T17:14:41+00:00,sell,303,850,Van,Asset,True,True,1.85,1.2,2.42,1.83,1.93,1.93,25,9,28,303,850,,
2026-01-06T17:14:48+00:00,buy,303,850,Reefer,Broker,True,True,1.55,1.41,1.69,1.53,1.53,1.58,20,6,14,303,850,,
2026-01-06T17:14:53+00:00,buy,381,606,Van,Broker,True,True,2.18,1.47,2.81,2.08,2.18,2.23,76,12,7,381,606,,
2026-01-06T17:14:55+00:00,sell,381,606,Van,Asset,True,True,2.5,1.71,3.02,2.38,2.39,2.74,15,8,14,381,606,,
2026-01-06T17:14:57+00:00,buy,381,606,Flatbed,Broker,True,True,3.05,2.54,3.31,2.9,3.21,3.21,11,5,7,381,606,,
2026-01-06T17:15:00+00:00,sell,381,606,Flatbed,Asset,True,True,3.7,2.92,5.41,3.31,3.32,3.7,23,6,14,381,606,,
2026-01-06T17:15:03+00:00,buy,381,606,Reefer,Broker,True,True,3.27,2.25,4.39,2.54,3.3,4.0,16,9,28,381,606,,
2026-01-06T17:15:08+00:00,buy,606,381,Van,Broker,True,True,2.67,2.25,3.75,2.39,2.61,2.85,19,7,28,606,381,,
2026-01-06T17:15:10+00:00,sell,606,381,Van,Asset,True,True,2.61,1.73,3.65,2.2,2.59,2.98,10,10,14,606,381,,
2026-01-06T17:15:15+00:00,sell,606,381,Flatbed,Asset,True,True,2.7,1.88,3.83,2.62,2.64,2.66,41,9,28,606,381,,
2026-01-06T17:15:17+00:00,buy,606,381,Reefer,Broker,True,True,3.65,3.11,4.46,3.67,3.67,3.69,43,5,14,606,381,,
2026-01-06T17:15:22+00:00,buy,381,303,Van,Broker,True,True,3.24,2.15,4.52,2.75,3.28,3.54,44,20,7,381,303,,
2026-01-06T17:15:42+00:00,sell,381,303,Van,Asset,True,True,3.17,2.44,3.89,2.81,3.11,3.51,31,10,7,381,303,,
2026-01-06T17:15:44+00:00,buy,381,303,Flatbed,Broker,True,True,3.16,2.68,3.96,2.8,3.08,3.44,14,7,14,381,303,,
2026-01-06T17:15:46+00:00,sell,381,303,Flatbed,Asset,True,True,3.54,2.87,4.32,3.27,3.56,3.75,16,9,7,381,303,,
2026-01-06T17:15:49+00:00,buy,381,303,Reefer,Broker,True,True,4.2,3.12,4.9,4.08,4.14,4.42,22,7,7,381,303,,
2026-01-06T17:15:52+00:00,sell,381,303,Reefer,Asset,True,True,3.97,2.73,5.5,3.63,3.78,4.06,11,5,7,381,303,,
2026-01-06T17:15:54+00:00,buy,303,381,Van,Broker,True,True,1.99,1.43,2.39,1.73,2.13,2.25,9,6,7,303,381,,
2026-01-06T17:15:56+00:00,sell,303,381,Van,Asset,True,True,2.18,2.02,2.6,2.09,2.11,2.13,6,5,14,303,381,,
2026-01-06T17:16:16+00:00,buy,303,381,Flatbed,Broker,True,True,2.65,2.13,3.34,2.26,2.73,2.8,5,5,7,303,381,,
2026-01-06T17:16:18+00:00,sell,303,381,Flatbed,Asset,True,True,3.01,2.52,4.0,2.75,2.88,3.22,38,9,14,303,381,,
2026-01-06T17:16:26+00:00,buy,303,381,Reefer,Broker,True,True,2.91,1.87,4.57,2.34,2.81,3.35,15,13,7,303,381,,
2026-01-06T17:16:29+00:00,sell,303,381,Reefer,Asset,True,True,3.87,2.3,4.74,3.48,3.96,4.1,19,5,14,303,381,,
2026-01-06T17:16:31+00:00,buy,941,900,Van,Broker,True,True,1.78,1.31,3.95,1.57,1.76,1.99,132,22,7,941,900,,
2026-01-06T17:16:33+00:00,sell,941,900,Van,Asset,True,True,2.5,1.55,8.21,1.9,1.96,2.13,12,9,14,941,900,,
2026-01-06T17:16:36+00:00,buy,941,900,Flatbed,Broker,True,True,3.13,2.5,4.24,2.87,2.99,3.14,12,6,7,941,900,,
2026-01-06T17:16:40+00:00,buy,941,900,Reefer,Broker,True,True,2.74,1.86,3.49,2.7,2.74,2.81,11,6,7,941,900,,
2026-01-06T17:16:45+00:00,buy,900,941,Van,Broker,True,True,3.47,1.92,5.42,3.04,3.39,3.88,98,22,7,900,941,,
2026-01-06T17:16:48+00:00,sell,900,941,Van,Asset,True,True,4.39,3.58,9.69,3.81,4.06,4.57,19,5,7,900,941,,
2026-01-06T17:16:50+00:00,buy,900,941,Flatbed,Broker,True,True,3.76,1.31,8.21,2.27,3.15,4.42,14,12,7,900,941,,
2026-01-06T17:16:54+00:00,buy,900,941,Reefer,Broker,True,True,3.87,2.55,5.67,3.12,3.8,4.74,19,9,7,900,941,,
2026-01-06T17:16:56+00:00,sell,900,941,Reefer,Asset,True,True,3.89,2.9,4.76,3.89,4.04,4.04,10,5,14,900,941,,
2026-01-06T17:16:57+00:00,buy,941,606,Van,Broker,True,True,2.08,1.22,2.99,1.54,2.17,2.46,5,5,7,941,606,,
2026-01-06T17:17:09+00:00,buy,606,941,Van,Broker,True,True,1.74,1.35,2.6,1.4,1.48,1.98,7,5,7,606,941,,
2026-01-06T17:17:36+00:00,buy,482,606,Van,Broker,True,True,2.55,1.68,3.55,2.11,2.55,2.9,29,17,7,482,606,,
2026-01-06T17:17:38+00:00,sell,482,606,Van,Asset,True,True,2.15,1.73,2.79,2.11,2.23,2.25,55,5,14,482,606,,
2026-01-06T17:17:41+00:00,buy,482,606,Flatbed,Broker,True,True,3.3,2.19,4.75,3.14,3.41,3.5,17,7,14,482,606,,
2026-01-06T17:17:42+00:00,sell,482,606,Flatbed,Asset,True,True,4.84,2.7,6.36,3.99,5.09,6.02,18,5,28,482,606,,
2026-01-06T17:17:44+00:00,buy,482,606,Reefer,Broker,True,True,3.28,1.88,5.93,2.5,3.38,3.38,9,5,28,482,606,,
2026-01-06T17:18:05+00:00,buy,606,482,Van,Broker,True,True,3.8,2.1,6.38,3.13,3.6,4.4,93,24,7,606,482,,
2026-01-06T17:18:07+00:00,sell,606,482,Van,Asset,True,True,3.75,2.64,5.58,3.02,3.21,4.54,10,5,7,606,482,,
2026-01-06T17:18:08+00:00,buy,606,482,Flatbed,Broker,True,True,3.08,2.32,5.18,2.53,2.56,3.13,6,6,14,606,482,,
2026-01-06T17:18:10+00:00,sell,606,482,Flatbed,Asset,True,True,3.62,2.92,4.63,3.13,3.46,4.13,12,6,14,606,482,,
2026-01-06T17:18:12+00:00,buy,606,482,Reefer,Broker,True,True,5.14,2.16,7.01,4.69,5.16,6.12,16,10,7,606,482,,
2026-01-06T17:18:34+00:00,buy,21,100,Van,Broker,True,True,4.35,2.85,6.19,3.74,4.34,5.2,25,9,7,21,100,,
2026-01-06T17:18:50+00:00,buy,21,100,Flatbed,Broker,True,True,4.93,2.74,7.07,3.88,4.28,6.2,16,5,28,21,100,,
2026-01-06T17:18:54+00:00,buy,21,100,Reefer,Broker,True,True,4.57,3.18,5.66,4.13,4.49,5.3,6,5,14,21,100,,
2026-01-06T17:19:17+00:00,buy,100,21,Van,Broker,True,True,4.98,3.88,5.92,4.22,5.02,5.88,11,6,7,100,21,,
2026-01-06T17:19:22+00:00,buy,100,21,Flatbed,Broker,True,True,5.62,3.93,7.14,5.14,5.49,6.16,19,5,28,100,21,,
2026-01-06T17:20:07+00:00,buy,802,750,Van,Broker,True,True,1.22,1.02,1.43,1.06,1.23,1.36,6,6,14,802,750,,
2026-01-06T17:20:09+00:00,sell,802,750,Van,Asset,True,True,1.35,0.99,1.67,1.19,1.35,1.55,5,5,14,802,750,,
2026-01-06T17:20:12+00:00,buy,802,750,Flatbed,Broker,True,True,1.44,1.02,1.79,1.26,1.5,1.65,26,12,28,802,750,,
2026-01-06T17:20:16+00:00,buy,802,750,Reefer,Broker,True,True,2.09,1.61,2.68,1.79,2.07,2.45,18,5,14,802,750,,
2026-01-06T17:20:21+00:00,buy,750,802,Van,Broker,True,True,3.0,2.32,5.34,2.46,2.94,3.1,14,8,7,750,802,,
2026-01-06T17:20:24+00:00,sell,750,802,Van,Asset,True,True,2.89,1.95,3.52,2.7,2.89,3.17,56,9,7,750,802,,
2026-01-06T17:20:26+00:00,buy,750,802,Flatbed,Broker,True,True,3.14,2.08,3.66,2.95,3.27,3.53,7,7,7,750,802,,
2026-01-06T17:20:29+00:00,sell,750,802,Flatbed,Asset,True,True,3.98,2.12,5.98,3.65,4.14,4.15,10,5,28,750,802,,
2026-01-06T17:20:31+00:00,buy,750,802,Reefer,Broker,True,True,2.26,1.64,5.05,1.64,2.27,2.49,36,6,28,750,802,,
2026-01-06T17:20:33+00:00,sell,750,802,Reefer,Asset,True,True,2.5,1.96,2.9,2.44,2.55,2.63,33,8,14,750,802,,
2026-01-06T17:20:36+00:00,buy,802,606,Van,Broker,True,True,1.14,1.0,2.2,1.0,1.0,1.2,117,5,28,802,606,,
2026-01-06T17:21:17+00:00,buy,802,606,Flatbed,Broker,True,True,1.75,1.05,3.13,1.49,1.56,1.89,9,5,28,802,606,,
2026-01-06T17:21:22+00:00,buy,802,606,Reefer,Broker,True,True,2.09,1.54,3.28,1.94,2.04,2.06,13,5,28,802,606,,
2026-01-06T17:21:28+00:00,buy,606,802,Van,Broker,True,True,3.21,1.41,4.51,3.02,3.21,3.57,23,11,7,606,802,,
2026-01-06T17:21:33+00:00,buy,606,802,Flatbed,Broker,True,True,3.23,2.9,3.72,3.1,3.21,3.28,7,5,14,606,802,,
2026-01-06T17:21:38+00:00,buy,606,802,Reefer,Broker,True,True,2.71,2.38,3.58,2.42,2.6,2.79,7,5,7,606,802,,
2026-01-06T17:21:43+00:00,buy,554,606,Van,Broker,True,True,2.59,1.65,3.8,2.22,2.56,2.88,39,18,7,554,606,,
2026-01-06T17:21:46+00:00,sell,554,606,Van,Asset,True,True,2.81,1.94,3.3,2.8,2.95,2.95,15,5,14,554,606,,
2026-01-06T17:21:49+00:00,buy,554,606,Flatbed,Broker,True,True,1.74,1.03,2.12,1.6,1.72,1.99,13,6,7,554,606,,
2026-01-06T17:21:54+00:00,buy,554,606,Reefer,Broker,True,True,3.94,3.02,4.41,3.82,4.03,4.25,7,6,7,554,606,,
2026-01-06T17:21:57+00:00,sell,554,606,Reefer,Asset,True,True,3.42,2.89,4.79,3.05,3.15,3.57,11,5,14,554,606,,
2026-01-06T17:21:59+00:00,buy,606,554,Van,Broker,True,True,3.24,2.3,3.9,2.77,3.45,3.77,8,6,28,606,554,,
2026-01-06T17:22:01+00:00,sell,606,554,Van,Asset,True,True,2.88,2.03,3.92,2.37,2.82,3.47,23,11,7,606,554,,
2026-01-06T17:22:05+00:00,buy,606,554,Flatbed,Broker,True,True,3.12,2.74,3.68,2.84,3.06,3.3,5,5,28,606,554,,
2026-01-06T17:22:09+00:00,buy,606,554,Reefer,Broker,True,True,2.98,2.25,4.1,2.79,2.97,3.11,24,9,7,606,554,,
2026-01-06T17:22:12+00:00,sell,606,554,Reefer,Asset,True,True,3.39,2.2,4.86,2.42,3.05,4.52,16,7,14,606,554,,
2026-01-06T17:22:14+00:00,buy,462,606,Van,Broker,True,True,3.65,2.34,5.65,3.08,3.53,3.95,15,7,28,462,606,,
2026-01-06T17:22:17+00:00,sell,462,606,Van,Asset,True,True,3.53,1.78,5.0,2.9,3.3,4.09,15,9,7,462,606,,
2026-01-06T17:22:19+00:00,buy,462,606,Flatbed,Broker,True,True,5.68,2.43,8.43,3.56,4.94,8.43,7,5,7,462,606,,
2026-01-06T17:22:21+00:00,sell,462,606,Flatbed,Asset,True,True,3.85,2.66,7.48,2.84,3.05,4.92,78,6,28,462,606,,
2026-01-06T17:22:23+00:00,buy,462,606,Reefer,Broker,True,True,4.77,3.16,6.56,3.99,4.71,5.42,18,7,14,462,606,,
2026-01-06T17:22:45+00:00,buy,606,462,Van,Broker,True,True,4.58,2.23,6.51,4.28,4.52,5.36,52,27,7,606,462,,
2026-01-06T17:22:48+00:00,sell,606,462,Van,Asset,True,True,3.58,2.63,5.05,2.63,3.6,4.3,9,5,7,606,462,,
2026-01-06T17:22:50+00:00,buy,606,462,Flatbed,Broker,True,True,3.77,2.69,4.39,3.13,4.29,4.34,5,5,7,606,462,,
2026-01-06T17:23:13+00:00,buy,606,462,Reefer,Broker,True,True,5.69,4.44,8.08,4.67,5.48,6.5,18,7,7,606,462,,
2026-01-06T17:23:15+00:00,sell,606,462,Reefer,Asset,True,True,5.94,4.62,7.93,5.32,5.67,6.51,8,5,28,606,462,,
2026-01-06T17:23:18+00:00,buy,282,303,Van,Broker,True,True,3.4,2.41,4.37,3.21,3.27,3.75,5,5,14,282,303,,
2026-01-06T17:23:26+00:00,sell,282,303,Van,Asset,True,True,3.45,1.76,7.45,2.87,3.21,3.65,65,19,7,282,303,,
2026-01-06T17:23:29+00:00,buy,282,303,Flatbed,Broker,True,True,3.19,1.93,5.44,2.43,3.15,3.5,23,10,7,282,303,,
2026-01-06T17:23:31+00:00,sell,282,303,Flatbed,Asset,True,True,4.28,2.47,5.82,3.21,4.29,5.54,26,11,7,282,303,,
2026-01-06T17:23:34+00:00,buy,282,303,Reefer,Broker,True,True,3.84,2.54,6.76,3.08,3.73,4.5,59,11,7,282,303,,
2026-01-06T17:23:36+00:00,sell,282,303,Reefer,Asset,True,True,4.85,2.48,6.94,4.38,4.66,5.5,52,7,7,282,303,,
2026-01-06T17:23:38+00:00,buy,303,282,Van,Broker,True,True,3.11,2.81,4.1,2.92,2.97,3.18,16,5,14,303,282,,
2026-01-06T17:23:40+00:00,sell,303,282,Van,Asset,True,True,3.22,2.01,5.65,2.58,2.88,3.4,53,17,7,303,282,,
2026-01-06T17:23:42+00:00,buy,303,282,Flatbed,Broker,True,True,3.57,2.28,6.5,2.46,3.44,4.43,25,14,7,303,282,,
2026-01-06T17:23:45+00:00,sell,303,282,Flatbed,Asset,True,True,4.2,2.81,5.54,3.6,4.22,4.41,17,9,7,303,282,,
2026-01-06T17:24:05+00:00,buy,303,282,Reefer,Broker,True,True,4.46,3.32,5.9,3.84,4.38,4.86,33,13,7,303,282,,
2026-01-06T17:24:07+00:00,sell,303,282,Reefer,Asset,True,True,4.58,2.75,7.45,3.77,4.19,5.77,26,8,7,303,282,,
2026-01-06T17:24:10+00:00,buy,641,750,Van,Broker,True,True,2.18,0.63,3.09,2.08,2.28,2.53,9,7,28,641,750,,
2026-01-06T17:24:12+00:00,sell,641,750,Van,Asset,True,True,2.46,1.64,4.05,2.02,2.49,2.68,34,12,7,641,750,,
2026-01-06T17:24:15+00:00,buy,641,750,Flatbed,Broker,True,True,2.71,2.18,3.07,2.4,2.89,2.89,20,5,14,641,750,,
2026-01-06T17:24:17+00:00,sell,641,750,Flatbed,Asset,True,True,2.81,2.0,4.03,2.58,2.89,2.89,34,9,28,641,750,,
2026-01-06T17:24:19+00:00,buy,641,750,Reefer,Broker,True,True,4.32,2.9,5.91,3.66,4.44,4.84,9,5,7,641,750,,
2026-01-06T17:24:22+00:00,sell,641,750,Reefer,Asset,True,True,3.26,2.27,3.77,3.08,3.28,3.62,22,8,28,641,750,,
2026-01-06T17:24:24+00:00,buy,750,641,Van,Broker,True,True,2.01,1.9,2.1,1.95,2.02,2.1,6,5,7,750,641,,
2026-01-06T17:24:27+00:00,sell,750,641,Van,Asset,True,True,2.14,1.77,2.69,1.93,2.09,2.33,55,11,7,750,641,,
2026-01-06T17:24:30+00:00,buy,750,641,Flatbed,Broker,True,True,2.97,1.86,7.25,2.41,2.61,2.83,44,11,14,750,641,,
2026-01-06T17:24:32+00:00,sell,750,641,Flatbed,Asset,True,True,2.82,2.17,3.62,2.55,2.89,3.12,10,6,28,750,641,,
2026-01-06T17:24:35+00:00,buy,750,641,Reefer,Broker,True,True,2.42,1.68,3.4,2.0,2.36,2.89,16,5,7,750,641,,
2026-01-06T17:24:37+00:00,sell,750,641,Reefer,Asset,True,True,1.94,1.65,2.25,1.81,1.92,2.1,10,7,7,750,641,,
2026-01-06T17:24:50+00:00,buy,432,303,Van,Broker,True,True,3.3,1.65,4.51,3.11,3.37,3.39,67,19,7,432,303,,
2026-01-06T17:24:53+00:00,sell,432,303,Van,Asset,True,True,2.67,2.06,3.65,2.4,2.64,2.71,26,11,7,432,303,,
2026-01-06T17:24:55+00:00,buy,432,303,Flatbed,Broker,True,True,2.75,2.23,3.55,2.48,2.64,2.96,7,6,7,432,303,,
2026-01-06T17:24:57+00:00,sell,432,303,Flatbed,Asset,True,True,3.04,2.43,3.44,2.73,3.23,3.36,7,5,14,432,303,,
2026-01-06T17:25:00+00:00,buy,432,303,Reefer,Broker,True,True,4.31,3.28,5.62,4.03,4.29,4.69,11,5,14,432,303,,
2026-01-06T17:25:02+00:00,sell,432,303,Reefer,Asset,True,True,3.37,2.66,3.73,3.38,3.4,3.52,7,5,7,432,303,,
2026-01-06T17:25:04+00:00,buy,303,432,Van,Broker,True,True,1.96,1.42,2.73,1.69,1.98,2.27,42,17,7,303,432,,
2026-01-06T17:25:07+00:00,sell,303,432,Van,Asset,True,True,2.3,1.44,3.46,1.74,2.01,2.89,29,10,7,303,432,,
2026-01-06T17:25:09+00:00,buy,303,432,Flatbed,Broker,True,True,2.6,1.94,3.14,2.37,2.53,2.94,7,6,14,303,432,,
2026-01-06T17:25:12+00:00,sell,303,432,Flatbed,Asset,True,True,2.85,2.15,3.36,2.58,2.86,3.17,13,8,28,303,432,,
2026-01-06T17:25:15+00:00,buy,303,432,Reefer,Broker,True,True,2.72,1.93,3.51,2.3,2.62,3.27,30,10,7,303,432,,
2026-01-06T17:25:17+00:00,sell,303,432,Reefer,Asset,True,True,2.48,2.03,4.02,2.13,2.36,2.62,22,9,7,303,432,,
2026-01-06T17:25:19+00:00,buy,212,100,Van,Broker,True,True,5.52,2.95,7.8,5.37,5.58,5.64,29,6,7,212,100,,
2026-01-06T17:25:25+00:00,buy,212,100,Flatbed,Broker,True,True,5.72,5.18,7.01,5.18,5.41,6.27,10,5,14,212,100,,
2026-01-06T17:26:29+00:00,buy,212,100,Reefer,Broker,True,True,6.4,4.53,8.28,5.69,5.69,7.61,15,6,28,212,100,,
2026-01-06T17:26:34+00:00,buy,100,212,Van,Broker,True,True,5.23,3.98,7.84,4.22,4.65,6.27,10,6,14,100,212,,
2026-01-06T17:26:49+00:00,buy,972,981,Van,Broker,True,True,3.35,2.05,6.38,3.2,3.2,3.37,37,9,7,972,981,,
2026-01-06T17:26:51+00:00,sell,972,981,Van,Asset,True,True,3.99,2.25,7.17,3.11,3.75,4.47,113,5,14,972,981,,
2026-01-06T17:26:54+00:00,buy,972,981,Flatbed,Broker,True,True,4.3,2.54,5.44,3.4,4.82,5.14,11,5,7,972,981,,
2026-01-06T17:26:59+00:00,buy,972,981,Reefer,Broker,True,True,5.02,3.94,6.21,4.5,5.22,5.38,7,5,7,972,981,,
2026-01-06T17:27:05+00:00,buy,981,972,Van,Broker,True,True,4.31,2.58,6.71,3.65,4.0,5.0,99,19,7,981,972,,
2026-01-06T17:27:07+00:00,sell,981,972,Van,Asset,True,True,4.62,2.61,7.88,3.73,4.71,5.22,152,5,14,981,972,,
2026-01-06T17:27:26+00:00,buy,981,972,Flatbed,Broker,True,True,4.68,3.06,6.1,4.05,4.14,5.87,11,5,7,981,972,,
2026-01-06T17:27:47+00:00,buy,981,972,Reefer,Broker,True,True,4.29,3.29,6.67,3.85,4.07,4.5,10,5,14,981,972,,
2026-01-06T17:27:53+00:00,buy,372,303,Van,Broker,True,True,3.82,2.67,6.1,3.29,3.77,4.21,42,17,7,372,303,,
2026-01-06T17:27:55+00:00,sell,372,303,Van,Asset,True,True,3.68,2.2,5.56,3.21,3.63,4.01,29,9,7,372,303,,
2026-01-06T17:27:58+00:00,buy,372,303,Flatbed,Broker,True,True,3.52,2.69,4.93,3.14,3.26,3.52,10,7,7,372,303,,
2026-01-06T17:28:00+00:00,sell,372,303,Flatbed,Asset,True,True,3.42,2.94,4.39,3.08,3.38,3.51,12,9,7,372,303,,
2026-01-06T17:28:03+00:00,buy,372,303,Reefer,Broker,True,True,4.58,3.26,7.6,4.13,4.2,4.52,21,9,7,372,303,,
2026-01-06T17:28:05+00:00,sell,372,303,Reefer,Asset,True,True,4.37,3.51,5.47,4.13,4.24,4.75,20,6,28,372,303,,
2026-01-06T17:28:07+00:00,buy,303,372,Van,Broker,True,True,3.2,2.14,4.53,2.8,3.3,3.48,44,19,7,303,372,,
2026-01-06T17:28:10+00:00,sell,303,372,Van,Asset,True,True,2.87,1.94,4.56,2.48,2.62,3.16,44,16,7,303,372,,
2026-01-06T17:28:12+00:00,buy,303,372,Flatbed,Broker,True,True,3.6,2.31,4.69,3.65,3.85,3.85,45,9,7,303,372,,
2026-01-06T17:28:14+00:00,sell,303,372,Flatbed,Asset,True,True,3.63,2.75,5.04,3.15,3.56,3.84,14,9,7,303,372,,
2026-01-06T17:28:17+00:00,buy,303,372,Reefer,Broker,True,True,3.63,2.25,5.6,3.07,3.52,3.79,21,12,7,303,372,,
2026-01-06T17:28:20+00:00,sell,303,372,Reefer,Asset,True,True,3.81,3.05,4.74,3.4,3.88,4.21,24,8,28,303,372,,
2026-01-06T17:28:22+00:00,buy,441,606,Van,Broker,True,True,2.59,0.86,6.49,2.25,2.36,2.79,48,21,7,441,606,,
2026-01-06T17:28:25+00:00,sell,441,606,Van,Asset,True,True,4.49,1.85,5.23,4.2,5.23,5.23,27,7,7,441,606,,
2026-01-06T17:28:44+00:00,buy,441,606,Flatbed,Broker,True,True,3.01,2.42,3.97,2.79,3.01,3.17,15,10,7,441,606,,
2026-01-06T17:28:47+00:00,sell,441,606,Flatbed,Asset,True,True,3.16,2.66,4.07,2.79,2.99,3.42,10,6,7,441,606,,
2026-01-06T17:28:50+00:00,buy,441,606,Reefer,Broker,True,True,2.11,1.84,3.37,1.91,1.97,2.0,47,7,28,441,606,,
2026-01-06T17:28:55+00:00,buy,606,441,Van,Broker,True,True,3.96,3.18,4.53,3.58,4.02,4.44,6,5,14,606,441,,
2026-01-06T17:28:57+00:00,sell,606,441,Van,Asset,True,True,3.22,2.49,4.87,2.99,3.16,3.17,29,6,14,606,441,,
2026-01-06T17:29:00+00:00,buy,606,441,Flatbed,Broker,True,True,3.44,2.18,4.69,2.98,3.3,3.83,14,10,14,606,441,,
2026-01-06T17:29:20+00:00,sell,606,441,Flatbed,Asset,True,True,3.7,2.61,4.87,2.72,3.63,4.69,6,5,7,606,441,,
2026-01-06T17:29:22+00:00,buy,606,441,Reefer,Broker,True,True,4.63,3.57,6.2,3.84,4.27,5.45,10,7,7,606,441,,
2026-01-06T17:29:28+00:00,buy,336,331,Van,Broker,True,True,2.84,2.16,3.53,2.42,2.75,3.25,14,5,7,336,331,,
2026-01-06T17:29:31+00:00,sell,336,331,Van,Asset,True,True,3.75,2.45,5.25,2.88,3.12,5.25,173,8,7,336,331,,
2026-01-06T17:29:34+00:00,buy,336,331,Flatbed,Broker,True,True,4.06,2.02,6.94,3.23,3.89,4.87,209,25,7,336,331,,
2026-01-06T17:29:36+00:00,sell,336,331,Flatbed,Asset,True,True,4.65,2.49,7.23,4.43,4.64,4.82,55,7,7,336,331,,
2026-01-06T17:29:39+00:00,buy,336,331,Reefer,Broker,True,True,3.73,2.86,4.98,3.31,3.61,4.11,45,11,7,336,331,,
2026-01-06T17:29:41+00:00,sell,336,331,Reefer,Asset,True,True,4.38,3.0,6.34,4.27,4.28,4.65,133,5,14,336,331,,
2026-01-06T17:29:44+00:00,buy,331,336,Van,Broker,True,True,2.0,1.62,2.6,1.82,2.08,2.12,26,6,7,331,336,,
2026-01-06T17:29:46+00:00,sell,331,336,Van,Asset,True,True,2.97,1.52,4.01,2.39,3.28,3.51,56,8,7,331,336,,
2026-01-06T17:29:48+00:00,buy,331,336,Flatbed,Broker,True,True,2.85,1.7,5.81,2.14,2.27,3.08,86,20,7,331,336,,
2026-01-06T17:29:53+00:00,buy,331,336,Reefer,Broker,True,True,3.99,2.22,5.95,3.35,3.96,4.86,40,13,7,331,336,,
2026-01-06T17:29:56+00:00,sell,331,336,Reefer,Asset,True,True,4.06,2.88,6.76,3.14,3.84,4.65,92,5,14,331,336,,
