State-to-State Reefers Broker Spot DAT Rates With DAT fuel ($0.41) - Past 30 days as of 01/05/2026,,,,,,,,,,,,,,,,,,,,,,,,,,,,,,,,,,,,,,,,,,,,,,,,,,,,,,,,,,
,Dest - AB,AL,AR,AZ,BC,CA,CO,CT,DE,FL,GA,IA,ID,IL,IN,KS,KY,LA,MA,MB,MD,ME,MI,MN,MO,MS,MT,NB,NC,ND,NE,NF,NH,NJ,NM,NS,NV,NY,OH,OK,ON,OR,PA,PE,PQ,RI,SC,SD,SK,TN,TX,UT,VA,VT,WA,WI,WV,WY
Origin - AB,4.15,,,,3.06,1.56,,,,2.30,,,,2.71,,,,,,1.70,,,,,,,,,,,,,,,,,,,,,1.85,,2.31,,,,,,2.47,,2.04,,,,,,,
AL,,4.97,1.93,1.92,,1.61,2.16,3.40,3.20,3.84,4.42,1.94,,2.19,2.26,2.18,3.26,3.37,2.64,,3.06,2.82,2.57,2.20,2.11,3.83,,,3.46,,,,,2.75,2.20,,,3.01,2.98,2.49,2.31,1.87,2.99,,,,3.74,,,4.33,2.22,1.80,3.16,,,1.96,4.08,
AR,,4.41,7.04,2.29,,1.93,3.51,,,3.80,3.97,2.76,2.39,3.00,3.21,3.68,4.03,4.22,3.03,,3.45,,3.01,2.72,3.96,4.80,,,3.74,,2.64,,3.16,2.96,3.00,,2.14,3.25,3.33,4.13,,2.24,3.09,,,,4.03,,,4.15,3.62,2.22,3.56,,2.23,2.90,,3.52
AZ,2.95,3.19,2.88,4.91,2.82,3.22,3.99,2.96,,3.01,3.04,2.86,2.77,2.87,2.88,2.85,3.02,3.67,2.91,,2.88,,2.80,2.69,2.78,,,,2.92,,2.79,,,3.00,3.93,,3.38,3.05,2.97,3.14,2.99,3.04,3.09,,2.61,,3.08,,3.18,3.20,3.21,2.75,3.01,,2.78,2.69,,
BC,2.85,,,,,1.08,,,,,,,,,,,,,,,,,,,,,,,,,,,,,,,,,,,1.85,,,,1.71,,,,,,,,,,2.96,,,
CA,3.13,2.47,2.55,3.34,3.15,3.35,3.42,2.50,2.41,2.64,2.51,2.37,2.96,2.34,2.42,2.34,2.56,2.55,2.53,,2.55,2.55,2.35,2.42,2.55,2.64,3.79,,2.54,,2.79,,2.54,2.51,3.28,,4.14,2.55,2.38,2.66,2.51,3.14,2.55,,2.31,,2.54,2.51,3.00,2.57,2.62,2.89,2.56,,2.90,2.26,,3.29
CO,,3.00,3.17,1.93,,1.81,5.01,3.14,,2.80,2.68,2.11,1.54,2.15,2.19,2.18,2.30,2.93,2.39,,2.44,,2.68,2.08,2.20,,2.82,,2.65,2.26,2.27,,,2.69,2.97,,2.11,2.59,2.50,2.84,,2.13,2.59,,,,3.13,1.86,,2.63,2.35,1.82,2.52,,2.14,2.11,,4.10
CT,,,,,,1.43,,,,2.63,2.78,,,1.86,2.19,,,,,,2.89,,,,2.11,,,,2.87,,,,,4.43,,,,4.98,2.14,,,,3.75,,,,,,,,1.91,,3.17,,,,,
DE,,,1.84,,,1.35,,6.06,,2.93,3.18,1.82,,2.16,2.53,,2.36,,5.22,,,,2.80,1.72,1.88,,,,3.56,,1.69,,5.11,,,,,5.47,2.62,,,,5.87,,,,2.97,,,2.62,1.79,,4.95,,,2.35,,
FL,,2.28,2.08,1.41,,1.28,1.91,2.57,2.20,3.89,2.10,1.80,1.74,1.62,1.94,1.83,2.23,2.29,2.64,,2.64,2.58,1.97,1.75,1.78,2.07,,,2.38,,1.60,,2.58,2.49,1.79,,1.52,2.60,2.07,1.70,1.94,1.78,2.43,,2.21,2.87,2.38,,,2.11,1.70,1.58,2.48,,1.69,1.89,,1.84
GA,2.25,4.36,2.02,1.62,,1.49,2.21,2.99,3.62,3.72,4.22,1.67,1.86,1.88,1.95,2.06,2.80,2.88,2.82,2.63,3.04,2.75,2.22,1.81,1.98,3.04,,,3.81,1.78,1.70,,2.72,2.76,2.08,,1.76,3.07,2.25,1.95,2.03,1.80,2.84,,1.97,2.61,4.50,,1.83,3.49,1.92,1.68,3.35,,1.83,1.89,2.82,2.15
IA,,4.19,4.39,2.57,,2.33,4.27,3.76,,3.58,4.01,4.30,2.54,4.63,4.65,5.05,4.31,3.97,3.65,,3.66,4.07,4.54,4.49,5.19,4.47,,,3.86,3.50,4.74,,,3.78,3.66,,2.65,4.26,4.50,4.42,3.00,2.53,3.94,,,,3.78,3.60,,4.17,3.62,2.67,4.53,,2.48,4.36,,
ID,,3.20,2.94,3.01,,2.96,4.29,3.08,,3.14,3.14,3.00,4.52,2.97,3.06,3.21,2.81,3.27,2.95,,3.09,2.97,2.83,3.02,3.05,3.25,4.33,,3.03,,3.23,,2.92,2.94,4.36,,3.54,2.97,2.79,3.31,2.11,3.61,2.94,,,,2.96,,,2.89,3.18,4.29,2.96,,3.70,2.82,,5.04
IL,2.44,3.97,3.51,1.95,2.12,1.85,3.22,3.98,4.46,3.60,4.27,3.54,2.11,5.26,5.76,3.34,4.82,3.65,3.84,,4.20,3.69,5.18,3.03,4.06,3.74,2.82,,4.27,2.87,2.88,,4.05,3.86,2.59,,2.09,4.33,4.90,3.27,2.50,2.14,4.42,,2.42,,4.28,2.56,,4.33,2.94,2.18,4.50,,2.14,4.05,4.78,3.26
IN,,4.54,3.25,1.80,,1.67,2.77,3.88,,3.73,4.16,2.74,2.05,4.29,5.60,2.52,5.53,3.76,3.93,,4.32,3.49,4.49,2.48,3.31,4.26,,,4.50,2.12,2.50,,3.46,3.69,2.25,,1.92,4.19,5.30,2.93,1.93,2.23,4.44,,2.11,,4.95,2.31,,4.69,2.68,2.02,4.90,,2.07,2.99,,3.17
KS,,3.50,4.76,2.42,,2.18,3.84,,,3.55,3.72,3.56,,3.16,3.15,5.53,3.72,3.53,3.46,,3.62,3.61,3.48,2.81,4.80,4.13,3.13,,3.51,3.54,4.43,,3.35,3.38,3.81,,2.59,3.47,3.46,5.16,2.78,2.33,3.39,,,,4.06,,,3.73,3.93,2.52,3.39,,2.31,2.65,,4.11
KY,,4.94,2.90,1.75,,1.64,2.51,3.32,,3.71,4.59,2.58,,2.74,4.30,3.16,5.38,3.49,4.11,,4.21,3.85,3.75,2.45,3.02,3.59,,,4.29,,2.12,,,3.65,2.68,,1.99,4.10,4.65,2.62,2.14,1.84,3.82,,,,4.38,,,5.01,2.74,1.86,4.06,,1.91,2.54,,2.77
LA,,3.70,3.71,2.03,,1.64,2.41,2.56,,3.48,3.32,,,2.26,,,2.22,5.13,,,,,2.31,1.79,2.17,5.03,,,2.95,,,,,2.58,,,2.85,2.60,2.37,2.76,1.99,2.23,2.61,,,,3.11,,,2.82,3.02,,3.22,,2.01,,,
MA,,2.29,2.14,1.70,,1.49,2.01,,2.92,2.71,2.60,1.90,,1.65,1.77,1.93,2.15,2.07,,,2.94,5.47,2.16,2.06,1.88,2.47,,,2.94,,2.03,,,3.69,,,1.76,3.98,2.28,2.27,,2.03,2.99,,,,2.62,,,2.27,2.04,1.82,2.86,,1.83,1.94,,
MB,,,,,,,,,,2.45,2.49,,3.25,,,,,,,,,,,,,,,,,5.66,,,,,,,,,,,2.35,3.26,3.01,,,,,,5.37,,2.86,,,,,,,
MD,,2.90,,1.49,,1.37,1.91,5.60,,2.98,2.90,2.02,,2.01,2.00,1.88,2.64,2.66,4.80,,,4.19,2.43,1.79,2.15,,,,4.04,,,,4.78,5.37,,,,5.21,2.91,,,,5.44,,,,3.46,,,3.03,1.79,1.65,6.05,,1.65,2.04,4.43,
ME,,,,,,1.53,,3.95,,2.58,2.36,,,1.91,,,2.16,,4.81,,,,,,,,,,,,,,,3.31,,,,3.56,2.21,,,,3.00,,,,,,,1.89,1.94,,2.75,,,,,
MI,,3.76,3.02,2.03,,1.86,2.74,3.85,,3.29,3.97,2.51,1.94,3.78,4.17,2.62,3.79,2.95,3.99,,4.47,4.13,4.86,2.63,2.75,3.50,,,4.09,,2.48,,,3.71,,,2.14,4.36,4.72,2.81,3.60,2.23,4.23,,3.05,,4.00,2.72,,4.18,2.52,2.10,4.27,,2.09,3.17,,
MN,,3.53,4.00,2.48,,2.19,3.71,3.63,,3.39,3.42,4.64,2.62,3.80,3.92,4.34,4.04,3.58,3.39,,3.58,,3.87,4.75,4.49,4.04,3.53,,3.56,3.67,3.92,,,3.42,,,2.56,3.93,4.17,4.28,2.72,2.50,3.53,,,,3.46,3.92,,3.95,3.31,2.56,3.73,,2.65,4.07,,4.38
MO,,4.03,4.30,2.31,,2.10,3.26,3.74,,3.69,3.65,3.52,2.47,3.41,3.42,4.93,4.36,3.77,3.16,,3.48,3.42,3.39,2.64,4.83,4.32,2.95,,3.65,2.97,3.39,,3.91,3.43,3.31,,2.59,3.43,3.72,4.16,2.42,2.45,3.50,,,,3.98,3.14,,4.20,3.35,2.43,3.64,,2.38,2.75,,
MS,,4.54,3.90,1.97,,1.73,2.28,,,3.88,3.81,2.47,,2.62,2.48,2.35,2.84,5.06,3.03,,3.44,,2.59,2.35,2.45,4.27,,,3.82,,,,,2.94,2.71,,,2.89,2.88,3.22,,2.25,3.26,,,,4.21,,,3.97,2.84,2.11,3.65,,2.14,2.35,,
MT,,,,,,,,,,,,,2.78,,,,,,,,,,,,,,,,,,,,,,,,,,,,,2.89,,,,,,,,,,3.01,,,2.82,,,
NB,,,,,,,,,,,,,,,,,,,,,,,,,,,,,,,,,,,,,,4.68,,,,,4.75,,,,,,,,,,,,,,,
NC,,3.02,1.89,1.55,1.91,1.51,2.01,3.52,3.49,3.19,3.22,1.80,,1.87,2.15,1.96,2.57,2.47,3.22,,3.64,3.27,2.21,1.61,1.81,2.51,,,5.09,,1.68,,,3.05,,,1.58,3.34,2.51,1.99,2.14,1.92,3.26,,2.16,,4.30,,,2.79,1.79,1.76,4.31,,1.87,1.87,,
ND,,,3.69,,,2.52,4.04,3.74,,3.43,3.72,3.88,,3.85,3.81,,,,,,,,4.40,4.13,4.11,,,,3.70,6.52,,,,3.50,,,,3.73,4.13,,,,3.87,,,,,,,3.83,3.73,,,,,3.98,,
NE,,3.97,3.22,2.58,,2.39,5.45,,,3.53,3.93,4.26,2.35,3.74,4.33,3.82,4.05,3.76,3.64,,3.60,,4.10,3.87,4.57,4.03,,,3.62,,3.98,,4.03,3.98,3.96,,3.08,3.75,4.08,4.85,2.62,2.92,3.59,,,,4.34,5.98,,4.38,3.62,2.93,3.66,,2.35,3.81,,
NF,,,,,,,,,,,,,,,,,,,,,,,,,,,,,,,,,,,,,,,,,,,,,,,,,,,,,,,,,,
NH,,,,,,1.33,,,,,2.34,,,1.96,,,,,7.08,,3.37,,,,,,,,3.48,,,,,3.35,,,,4.44,2.00,,1.67,,3.10,,,,,,,,1.93,,,,,,,
NJ,2.25,2.72,1.92,1.57,,1.44,2.16,5.93,,2.83,2.94,1.88,1.67,1.94,2.23,1.91,2.47,2.34,5.43,,5.30,4.35,2.40,1.87,1.91,2.45,,,3.47,2.21,1.88,,5.32,,,,1.53,4.60,2.54,1.97,2.41,1.76,5.09,,2.99,6.18,3.14,,,2.56,1.89,1.75,4.76,5.27,1.98,1.84,,2.11
NM,,,,2.17,,1.86,4.09,,,,,,,2.64,,,,,,,,,2.97,,,,,,,,,,,,,,2.84,,2.46,,,,2.82,,,,,,,2.73,3.07,2.31,,,,2.48,,
NS,,,,,,,,,,,,,,,,,,,,,,,,,,,,,,,,,,,,,,,,,,,,,,,,,,,,,,,,,,
NV,,,,3.31,4.02,2.98,3.61,,,2.77,2.52,,2.75,2.26,2.56,2.46,,,,,2.45,,2.66,2.47,,,,,,,,,,,4.51,,3.60,2.59,,,,3.29,2.76,,,,,,,2.69,2.79,2.93,,,3.12,2.27,,
NY,2.21,2.73,,1.79,,1.51,2.06,5.56,,3.04,3.12,2.18,,2.09,2.47,1.86,2.88,2.63,5.09,,4.94,4.34,2.57,2.19,2.39,3.77,,,3.68,,2.15,,5.44,5.20,,,1.87,5.46,2.96,2.18,3.29,1.84,4.99,,3.52,5.60,3.37,,,3.02,2.11,1.82,4.45,5.50,1.91,2.00,4.66,
OH,2.34,4.24,2.77,1.84,,1.65,2.48,4.28,4.87,3.55,3.93,2.35,2.01,2.76,4.30,2.37,4.34,3.42,4.35,,4.92,4.09,4.21,2.34,2.76,3.35,,,4.57,2.72,2.22,,4.35,4.17,2.42,,2.12,4.63,5.24,2.70,3.01,2.06,4.74,,2.52,,4.31,,,4.07,2.47,1.92,4.87,4.50,1.96,2.52,5.50,2.63
OK,,3.63,5.06,2.17,,1.90,3.28,,,3.40,3.69,2.17,2.42,2.79,3.23,3.73,2.87,3.40,,,,,2.86,2.16,3.19,4.70,,,2.71,,2.53,,,3.13,3.57,,2.15,3.29,2.89,3.93,,2.19,2.92,,,,,,,3.98,3.55,2.15,,,2.23,2.45,,3.39
ON,2.79,3.00,2.65,1.81,2.76,1.76,2.81,4.40,,3.16,2.88,2.80,,3.15,3.11,2.36,3.79,2.96,4.34,2.97,4.44,,4.14,2.86,2.76,,,2.94,3.61,,,,,3.98,,2.70,,4.71,3.88,,3.87,2.62,3.83,,2.92,,4.72,,3.60,3.61,1.90,2.63,4.09,,2.35,3.58,,
OR,2.93,,,2.67,3.88,2.25,3.19,2.81,,2.77,2.84,2.45,2.95,2.59,2.63,2.65,2.61,2.82,2.75,,2.81,,2.61,2.72,2.46,,3.27,,2.78,,,,,2.60,,,3.02,2.65,2.65,2.76,2.32,4.98,2.74,,2.01,,2.74,,,2.75,2.74,2.71,2.74,,4.53,2.65,,3.60
PA,2.26,2.67,1.94,1.61,1.96,1.48,2.17,5.60,5.04,3.02,3.04,1.86,1.58,1.99,2.29,1.89,2.49,2.51,4.85,,5.90,4.14,2.39,1.89,2.04,2.57,1.90,,3.66,1.83,1.90,,4.67,5.10,2.10,,1.66,4.92,2.85,2.10,2.58,1.90,4.86,,2.49,5.13,3.34,1.86,,2.69,1.98,1.75,4.72,4.99,1.88,1.96,4.08,2.08
PE,,,,,,,,,,,,,,,,,,,,,,,,,,,,,,,,,,,,,,,,,,,,,,,,,,,,,,,,,,
PQ,2.31,,,,,1.75,,,,2.73,,,,2.75,2.69,,,,,,,,,,,2.21,,3.32,,,,,,,,,,4.90,2.49,,2.26,,4.75,,3.69,,,,,3.04,2.13,,3.55,,,,,
RI,,,,,,,,,,2.61,,,,,,,,,,,3.26,,,,,,,,,,,,,4.51,,,,,,,,,3.00,,,,,,,,1.51,,,,1.48,,,
SC,,3.50,2.00,1.68,,1.50,2.14,3.19,,3.64,4.32,2.16,,2.00,2.11,2.03,2.71,2.55,3.35,,3.47,,2.32,2.01,1.91,2.55,,,4.87,,,,,3.08,,,1.63,3.47,2.36,2.22,2.25,,3.15,,,,4.63,,,3.04,1.89,1.72,3.97,,1.79,1.89,3.99,
SD,,,,2.91,,2.62,4.62,,,3.51,3.92,4.99,,4.25,3.48,4.80,4.51,,,,,,4.02,5.02,4.66,,,,3.96,,,,3.57,3.46,,,,,4.16,4.65,,2.75,4.18,,,,2.96,,,4.02,3.72,3.16,,,2.62,4.51,,
SK,,,,,,,,,,,,,,,,,,,,,,,,,,,,,,,,,,,,,,,,,,,,,,,,,,,,,,,,,,
TN,,4.78,3.40,1.90,,1.68,2.58,3.45,,3.69,4.49,2.53,,2.42,3.19,2.53,4.30,3.37,3.46,,3.82,,3.20,2.18,2.58,3.92,,,4.08,,2.61,,,3.27,2.28,,1.96,3.34,3.35,2.64,2.73,,3.32,,,,4.66,,,4.77,2.57,1.85,3.85,,2.05,2.44,3.72,2.62
TX,2.43,3.24,3.12,1.82,2.37,1.80,2.79,2.98,2.75,3.14,3.03,2.37,2.07,2.47,2.55,2.68,2.96,3.65,2.89,,2.94,3.00,2.54,2.31,2.80,3.24,3.13,,3.04,2.06,2.34,,2.55,2.82,2.69,,2.12,3.12,2.71,3.61,2.30,2.12,2.77,,2.19,2.82,3.16,2.21,,3.06,3.42,2.04,3.04,2.55,2.14,2.24,2.60,3.08
UT,,3.00,3.34,3.26,,2.69,4.55,,,3.26,3.09,2.75,2.78,3.00,3.03,3.75,3.06,,3.37,,3.08,2.99,3.08,2.95,3.28,3.34,3.83,,3.16,,4.19,,,2.97,4.65,,3.40,3.06,2.91,3.69,,3.13,3.03,,,,3.19,,,3.09,3.41,4.47,3.12,,3.07,2.79,,5.23
VA,,2.68,1.84,1.47,,1.35,1.90,4.25,4.13,3.01,3.02,1.62,,2.03,2.13,1.77,2.87,2.31,3.79,,5.10,3.77,2.60,1.96,1.70,2.50,,,4.34,,1.82,,3.92,3.82,1.81,,2.07,3.96,2.79,2.08,,1.87,4.03,,,,4.15,,,2.76,1.79,1.66,5.61,,1.84,1.89,,
VT,,,,,,1.55,,,,2.80,2.48,,,,,,,,,,4.63,,,,1.80,,,,3.72,,,,,4.86,,,,4.79,2.19,,,,3.54,,,,,,,,,,,,,1.91,,
WA,3.70,2.74,2.65,2.32,3.88,2.18,3.12,2.83,,2.69,2.72,2.60,2.83,2.57,2.60,2.72,2.71,2.66,2.67,,2.73,2.85,2.63,2.88,2.73,,3.66,,2.73,3.31,2.79,,,2.79,3.08,,2.64,2.55,2.52,2.86,1.94,4.15,2.68,,2.07,,2.84,2.32,,2.76,2.75,2.74,2.80,,4.92,2.64,,3.53
WI,,3.92,3.80,2.12,2.29,1.98,3.13,3.95,,3.43,3.80,3.35,2.14,4.98,5.05,3.32,4.55,3.62,3.64,,4.48,3.73,4.84,3.27,3.80,4.12,2.87,,3.98,2.89,3.04,,3.75,3.86,2.97,,2.32,4.26,4.67,3.43,2.42,2.28,4.04,,2.82,,3.88,2.79,,3.94,2.93,2.23,4.14,,2.29,4.61,,3.21
WV,,,,,,1.48,,,,3.63,3.20,,,2.26,2.93,,,,3.92,,,,3.16,2.04,2.58,,,,4.20,,,,,3.92,,,,4.55,,,,,4.11,,,,,,,,1.97,,,,,2.26,,
WY,,,,,,,,,,,,,,,,,,,,,,,,,,,,,,,,,,,,,,,,,,,,,,,,,,,,,,,,,,