State-to-State Vans Broker Spot DAT Rates With DAT fuel ($0.37) - Past 30 days as of 01/05/2026,,,,,,,,,,,,,,,,,,,,,,,,,,,,,,,,,,,,,,,,,,,,,,,,,,,,,,,,,,
,Dest - AB,AL,AR,AZ,BC,CA,CO,CT,DE,FL,GA,IA,ID,IL,IN,KS,KY,LA,MA,MB,MD,ME,MI,MN,MO,MS,MT,NB,NC,ND,NE,NF,NH,NJ,NM,NS,NV,NY,OH,OK,ON,OR,PA,PE,PQ,RI,SC,SD,SK,TN,TX,UT,VA,VT,WA,WI,WV,WY
Origin - AB,3.23,,,1.38,2.23,1.26,1.95,,,1.75,1.67,1.66,2.32,1.28,1.45,1.46,,,,1.67,,,1.68,1.58,,,,,,,,,,,,,1.31,,1.37,,1.52,2.35,,,,,,,2.39,,1.81,1.98,,,2.09,1.50,,
AL,2.10,3.59,2.42,1.64,,1.59,2.51,2.45,2.73,3.24,3.17,2.08,2.26,1.90,2.13,2.13,2.51,2.56,2.72,,2.69,2.58,2.11,1.97,2.14,3.15,2.23,,2.56,2.21,2.28,,2.31,2.58,2.02,,1.97,2.54,2.14,2.21,1.53,2.04,2.52,,1.78,2.79,2.68,2.41,,3.09,1.86,2.32,2.54,3.06,1.94,1.83,2.73,2.70
AR,,3.02,4.33,2.06,,1.69,3.24,2.64,3.03,3.08,2.84,2.30,2.25,2.27,2.35,3.00,2.49,3.13,2.64,,2.67,,2.23,2.28,2.94,3.04,,,2.50,2.17,2.67,,2.59,2.61,2.70,,1.92,2.62,2.33,3.25,2.04,2.16,2.65,,1.69,2.93,2.49,2.60,,3.01,2.52,2.22,2.72,,2.05,2.16,2.47,3.24
AZ,2.76,2.14,2.27,3.91,2.08,1.82,3.48,2.19,,2.51,2.27,2.17,2.91,2.09,2.17,2.77,2.11,2.25,2.45,,2.46,,2.19,2.25,2.30,2.21,3.22,,2.29,2.47,2.16,,2.39,2.37,3.19,,2.63,2.44,2.07,2.71,2.01,2.72,2.45,,,,2.13,2.70,,2.54,2.34,2.91,2.31,,2.56,2.14,,3.03
BC,2.17,,,,3.70,1.09,,,,,,,,,,,,,,1.88,,,2.15,1.85,,,,,,,,,,,,,1.37,,,,1.36,2.58,1.43,,,,,,,1.36,1.51,2.03,,,3.82,,,
CA,2.71,2.35,2.50,3.06,2.91,2.77,3.32,2.24,2.33,2.48,2.32,2.48,3.02,2.14,2.23,2.58,2.21,2.42,2.34,2.53,2.36,2.22,2.17,2.37,2.31,2.51,3.18,,2.31,2.39,2.68,,2.25,2.30,3.17,,3.46,2.28,2.11,2.76,1.80,3.00,2.27,,1.77,2.27,2.45,2.54,,2.54,2.43,3.11,2.34,2.49,2.89,2.05,2.12,3.50
CO,2.36,1.72,1.86,1.42,,1.38,3.78,,,1.94,1.92,1.59,2.25,1.34,1.74,1.66,1.56,1.68,2.06,,2.07,,1.81,1.64,1.38,1.75,3.04,,1.93,2.23,2.07,,,2.03,2.30,,1.62,2.12,1.62,1.38,1.70,2.34,1.96,,1.60,2.06,1.51,2.07,,1.67,1.44,1.77,1.95,,2.48,1.53,,3.15
CT,,2.00,1.65,1.49,,1.36,1.64,,,2.34,1.88,1.90,1.74,1.61,1.74,2.03,1.63,,4.59,,2.74,4.08,1.59,1.73,1.80,1.73,,,1.98,,1.78,,4.19,3.33,,,1.65,3.34,1.62,1.73,1.74,,2.72,,2.04,,1.96,,,1.89,1.68,1.79,2.34,3.79,1.54,1.65,,
DE,,2.24,,1.65,,1.32,,5.71,,2.61,2.36,1.97,,1.83,1.91,1.98,2.11,,4.80,,,3.83,2.04,2.06,1.84,,,,2.49,,1.96,,4.05,5.09,,,1.58,4.63,2.34,,2.29,1.49,4.03,,,5.36,2.19,,,2.28,1.51,,3.75,,1.65,1.77,4.33,
FL,1.86,1.41,1.41,1.49,,1.23,2.06,1.73,1.73,2.90,1.31,1.48,1.61,1.22,1.50,1.88,1.35,1.47,1.96,,1.75,2.00,1.36,1.47,1.40,1.43,1.67,,1.47,,1.43,,1.89,1.69,1.63,,1.54,1.79,1.44,1.42,1.34,1.65,1.60,,1.49,1.71,1.49,1.60,,1.41,1.30,1.60,1.61,,1.61,1.31,1.63,
GA,1.88,3.22,1.99,1.61,1.82,1.33,2.42,2.48,2.41,3.28,3.16,1.86,1.90,1.64,1.82,1.98,2.13,2.23,2.46,1.91,2.49,2.40,1.85,1.75,1.90,2.31,2.13,2.52,2.76,1.94,1.85,,2.42,2.30,1.83,,1.78,2.42,1.94,2.04,1.71,1.83,2.36,,1.47,2.43,3.29,1.95,1.79,2.44,1.69,1.83,2.61,2.34,1.89,1.69,2.65,2.08
IA,2.50,2.61,2.89,2.11,2.43,1.92,3.54,2.93,3.04,2.93,2.96,3.38,2.40,2.96,2.96,3.68,2.89,2.62,2.90,2.71,2.93,2.87,2.87,3.23,3.35,2.67,3.34,,2.70,2.99,3.72,,3.05,2.99,2.76,,2.21,3.01,2.82,3.03,2.04,2.40,3.03,,1.76,2.78,2.78,3.37,,2.94,2.50,2.58,3.02,,2.38,2.96,2.81,4.04
ID,,2.13,2.35,2.11,,1.98,3.26,,,2.48,2.44,2.30,3.27,2.31,2.28,2.56,2.26,2.57,2.56,,2.78,,2.61,2.42,2.25,2.32,4.23,,2.20,,2.45,,,2.34,2.70,,2.19,2.56,2.34,2.35,2.37,2.84,2.42,,1.45,,2.21,3.02,,2.45,2.33,2.93,2.49,,3.02,2.31,,3.45
IL,2.07,3.17,2.98,1.93,2.01,1.58,3.24,3.21,3.20,3.02,3.10,3.66,2.20,3.82,4.16,3.07,3.79,2.92,3.13,2.37,3.52,3.06,3.90,2.89,3.32,2.84,2.75,2.47,3.00,2.81,2.96,,3.04,3.03,2.30,,1.96,3.34,3.67,2.81,1.88,1.95,3.35,,1.83,2.99,2.98,2.90,2.41,3.21,2.24,2.31,3.35,3.23,1.93,3.34,3.49,2.95
IN,2.19,3.17,2.66,1.78,2.09,1.51,2.95,3.37,3.43,3.17,3.15,2.80,2.15,3.29,3.98,2.59,3.70,2.82,3.23,2.50,3.48,3.31,3.15,2.36,2.86,2.76,2.53,,3.13,2.32,2.58,,3.12,2.98,2.12,,1.83,3.35,3.66,2.65,2.09,1.98,3.33,,1.83,3.31,3.13,2.69,2.56,3.16,2.07,2.20,3.56,3.52,2.04,2.71,4.09,3.02
KS,2.12,2.48,2.93,2.14,2.24,1.75,3.50,2.54,2.34,2.61,2.45,2.71,2.35,2.13,2.20,3.95,2.43,2.65,2.60,,2.77,2.67,2.19,2.34,3.37,2.34,3.19,,2.46,3.03,3.80,,3.03,2.54,3.15,,2.17,2.52,2.17,3.36,1.66,2.33,2.50,,1.50,,2.44,2.93,,2.30,2.38,2.64,2.57,2.91,2.41,2.15,2.69,3.60
KY,2.29,3.45,2.65,1.81,2.06,1.61,2.81,3.14,3.53,3.25,3.38,2.54,2.14,2.58,3.26,2.48,3.93,2.71,3.11,2.64,3.43,3.14,2.67,2.29,2.66,2.89,2.46,,3.18,2.29,2.67,,2.97,3.12,2.46,,1.82,3.45,3.19,2.72,2.10,2.09,3.33,,1.71,3.31,3.27,3.03,,3.65,2.09,2.24,3.75,3.33,2.32,2.27,4.08,2.90
LA,2.36,2.83,2.84,1.83,,1.65,2.46,2.44,2.54,3.09,2.59,2.18,2.13,1.99,2.09,2.34,2.20,3.47,2.44,,2.46,,2.03,1.97,2.17,3.55,,,2.37,2.35,2.25,,,2.31,1.87,,2.05,2.36,2.11,2.49,1.74,2.00,2.37,,1.83,2.42,2.47,,,2.41,2.32,2.06,2.54,,2.00,1.99,2.37,
MA,,1.91,1.76,1.65,,1.38,2.32,3.61,2.70,2.23,2.06,2.23,1.89,1.49,1.70,1.76,1.65,1.76,,,2.38,3.84,1.68,1.68,1.69,1.68,,,1.98,,1.38,,4.16,2.85,,,1.60,3.16,1.50,1.63,1.90,1.59,2.32,,2.09,,1.94,,,1.95,1.54,1.91,2.23,4.09,1.81,1.58,1.94,
MB,2.37,,,,,1.76,,,,,,2.34,,1.96,,,1.35,,,,,,,2.57,,,,,,,,,,,,,,,,,1.44,,2.00,,,,,,3.11,,2.41,,,,,1.98,,
MD,,2.08,1.84,1.52,,1.31,2.25,4.77,,2.74,2.21,1.86,,1.78,1.82,1.95,1.89,1.96,4.35,,4.80,3.91,1.91,1.87,1.83,1.86,,,2.67,1.80,1.81,,4.20,4.28,,,1.62,4.18,2.25,1.84,2.18,1.75,4.18,,1.94,4.23,2.43,1.76,,1.99,1.63,1.82,3.67,3.72,2.04,1.80,2.91,
ME,,2.05,1.86,1.79,,1.66,,4.44,,2.33,1.99,,,1.64,1.86,,1.83,,4.46,,2.55,3.42,1.83,1.89,,,,,2.26,,,,,2.84,,,,3.23,1.79,1.97,2.11,,2.52,,,4.61,2.23,,,1.77,1.79,1.86,2.47,,,1.80,2.38,
MI,2.75,2.71,2.45,1.86,,1.68,3.02,3.47,3.25,2.91,2.91,2.62,2.02,3.03,3.07,2.57,2.81,2.38,3.31,2.25,3.39,3.44,3.35,2.48,2.58,2.51,,,2.96,2.46,2.58,,3.15,3.06,2.14,,1.95,3.52,3.45,2.75,2.62,2.08,3.40,,2.31,3.37,2.74,2.71,2.20,2.70,1.82,2.19,3.32,3.69,2.01,2.55,3.75,
MN,2.14,2.48,2.77,2.22,2.17,1.98,3.44,2.87,,2.67,2.61,3.53,2.49,2.63,2.69,3.07,2.68,2.51,2.81,3.37,2.92,2.69,2.67,3.77,2.88,2.87,3.35,,2.67,3.49,3.15,,2.86,2.81,2.47,,2.25,2.96,2.56,2.84,1.67,2.57,2.96,,1.72,2.75,2.66,3.62,,2.71,2.44,2.53,2.81,2.99,2.50,2.99,2.94,3.69
MO,2.25,2.63,3.20,1.95,2.35,1.77,3.43,2.74,2.57,2.87,2.70,2.92,2.30,2.41,2.43,3.53,2.70,2.74,2.73,2.67,2.70,,2.27,2.43,3.51,2.63,2.91,,2.65,2.50,3.42,,2.33,2.77,2.97,,1.98,2.83,2.42,3.20,1.95,2.29,2.69,,1.77,,2.55,3.11,2.34,2.65,2.39,2.39,2.95,,2.26,2.24,2.81,3.56
MS,2.13,3.60,2.98,1.81,,1.65,2.66,2.75,,3.27,2.97,2.32,2.23,2.13,2.29,2.50,2.68,3.64,2.56,,2.83,2.83,2.20,2.23,2.54,3.54,2.45,,2.58,2.67,2.21,,,2.58,2.08,,1.97,2.69,2.30,2.85,1.82,1.85,2.60,,1.77,2.75,2.68,2.58,,2.93,2.16,2.08,2.75,,2.10,2.11,2.76,
MT,,,,2.08,,1.83,2.61,,,2.36,2.16,,3.13,1.95,1.94,2.08,1.83,,,,,,2.13,2.10,2.17,,4.66,,2.11,,2.14,,,2.21,,,2.03,2.19,2.04,,1.73,2.41,2.20,,,,1.57,,,,2.07,2.27,,,2.49,1.90,,3.01
NB,,,,,,,,,,,,,,,,,,,,,,,,,,,,,,,,,,,,,,,,,,,,,,,,,,,,,,,,,,
NC,2.04,2.37,1.93,1.66,1.89,1.42,2.41,3.13,3.18,2.97,2.64,2.04,1.87,1.86,2.04,2.14,2.22,2.01,3.13,,3.17,2.99,2.01,1.90,1.98,1.98,2.44,,3.46,1.96,1.93,,3.05,2.81,1.68,,1.66,2.93,2.20,1.96,1.94,1.86,2.81,,1.97,3.22,3.13,2.04,,2.47,1.68,1.87,3.55,2.82,1.84,1.84,3.21,2.24
ND,,2.76,2.68,2.28,,2.32,3.24,,,2.72,2.54,3.18,3.43,2.62,2.94,3.05,2.44,,,,3.24,,2.72,3.76,3.00,,,,2.68,5.19,3.75,,,,,,2.86,2.97,2.93,2.32,,,2.96,,,,2.56,6.01,,2.75,2.58,2.97,2.92,,2.89,2.62,,
NE,,2.79,2.40,2.06,,2.01,4.14,2.77,,2.73,2.66,2.74,2.66,2.30,2.48,3.48,2.32,2.85,2.87,,2.90,,2.40,2.62,3.05,2.39,2.83,,2.34,3.21,4.02,,2.70,2.77,3.07,,2.41,2.86,2.50,2.74,1.54,2.65,2.58,,,,2.39,3.41,,2.42,2.48,3.11,2.66,,3.01,2.20,2.55,
NF,,,,,,,,,,,,,,,,,,,,,,,,,,,,,,,,,,,,,,,,,,,,,,,,,,,,,,,,,,
NH,,2.01,,1.53,,1.36,2.35,4.59,2.43,2.38,2.42,,,1.44,1.89,,1.58,,,,2.63,4.24,1.55,1.78,1.70,,,,1.84,,,,,2.86,,,,3.36,1.72,1.91,1.73,,2.51,,2.76,,2.15,,,1.56,1.69,,2.28,,,1.62,,
NJ,2.17,2.16,1.88,1.50,1.83,1.32,2.18,5.40,6.41,2.62,2.22,1.92,1.73,1.66,1.80,2.11,1.97,1.91,4.66,1.91,4.45,3.64,1.86,1.80,1.93,1.81,2.26,,2.44,1.92,2.00,,4.28,,1.73,,1.59,3.75,2.04,1.87,1.90,1.67,3.58,,1.91,5.14,2.39,1.89,,1.96,1.64,1.75,3.63,4.06,1.86,1.71,2.79,2.06
NM,2.10,2.16,2.02,1.93,,1.47,3.21,,,2.44,2.11,2.32,,2.14,2.37,2.26,1.92,1.89,,,2.31,,1.87,,2.35,2.06,,,,,2.26,,,2.11,3.20,,2.22,,2.08,1.98,,,2.11,,,,2.43,,,2.49,2.08,3.09,,,2.16,1.81,,
NS,,,,,,,,,,,,,,,,,,,,,,,,,,,,,,,,,,,,,,,1.77,,,,,,,,,,,,,,,,,,,
NV,2.58,2.39,2.21,2.48,3.35,2.19,3.54,2.30,,2.36,2.22,2.05,3.26,2.06,2.49,2.52,2.18,2.33,2.31,,2.26,,2.01,2.11,2.31,2.49,3.57,,2.17,,2.42,,,2.44,3.10,,2.49,2.36,2.16,2.36,2.05,3.35,2.24,,,,2.27,,,2.32,2.29,3.24,2.29,,3.11,2.02,,3.29
NY,1.77,2.37,2.08,1.85,,1.44,2.43,4.39,3.78,2.62,2.43,2.19,1.86,1.94,2.03,2.18,2.18,2.08,4.35,,4.12,3.88,2.16,2.10,2.05,2.01,,,2.71,,2.15,,4.61,3.95,,2.65,1.68,4.44,2.20,2.06,2.63,2.00,3.93,,2.99,4.34,2.41,2.21,,2.29,1.77,1.94,3.28,4.60,1.90,1.95,3.16,
OH,1.97,2.93,2.53,1.75,1.77,1.53,2.82,3.53,3.86,3.13,2.99,2.38,1.97,2.47,3.11,2.54,3.19,2.38,3.46,2.10,4.11,3.44,3.25,2.24,2.40,2.74,2.48,,3.37,2.48,2.41,,3.47,3.42,2.08,,1.87,3.79,3.72,2.34,2.42,1.90,3.96,,2.04,3.74,3.13,2.48,,2.87,1.95,2.13,3.83,3.66,1.99,2.21,4.88,2.54
OK,,2.31,3.20,1.93,,1.70,3.30,2.55,2.09,2.69,2.45,2.16,2.19,2.08,2.13,3.31,2.39,2.60,2.41,,2.46,2.40,1.97,2.16,2.56,2.28,,,2.21,2.09,2.69,,,2.39,2.75,,1.90,2.40,2.23,3.74,1.75,2.18,2.28,,,2.34,2.24,2.66,,2.22,2.45,2.22,2.32,,2.35,2.04,,3.38
ON,2.32,2.06,2.04,1.51,2.00,1.49,1.94,3.12,3.00,2.49,2.15,2.20,,2.31,2.40,2.02,2.41,1.88,2.87,2.47,3.00,2.90,2.90,2.16,2.08,2.00,,2.43,2.45,,2.26,3.34,3.19,2.79,,2.13,1.89,3.54,2.59,1.85,2.78,1.93,3.17,,2.02,2.85,2.34,2.47,,2.12,1.62,1.96,2.67,,2.05,2.22,3.73,
OR,2.55,2.08,2.04,1.84,3.01,1.61,2.64,2.04,,2.15,2.10,2.15,2.68,1.67,1.69,2.11,1.70,,2.22,,2.44,,1.67,2.12,1.99,,3.27,,1.77,,2.28,,,1.90,2.55,,1.80,1.95,1.69,1.84,1.82,4.30,1.86,,,2.11,1.91,2.15,,2.01,2.02,2.21,2.04,,3.61,2.12,,
PA,1.94,2.20,1.98,1.61,1.89,1.38,2.37,4.92,4.77,2.70,2.40,2.09,1.86,1.82,2.00,2.08,2.13,2.06,4.30,2.03,5.04,3.80,2.18,1.92,1.90,1.96,2.28,,2.63,2.09,2.04,,4.09,4.41,1.85,,1.67,4.51,2.38,1.98,2.30,1.82,4.40,,2.01,4.52,2.46,2.02,,2.11,1.69,1.89,3.85,4.35,1.84,1.85,3.95,2.34
PE,,,,,,,,,,,,,,,,,,,,,,,,,,,,,,,,,,,,,,,,,,,,,,,,,,,,,,,,,,
PQ,1.89,2.08,2.09,1.56,1.93,1.54,,4.04,,2.76,2.18,1.79,,2.01,2.12,2.28,2.08,,3.97,,3.88,6.04,2.08,2.12,1.93,,,2.78,2.62,,,,5.98,4.13,1.88,2.17,1.98,4.12,2.23,1.86,1.88,,3.25,,3.36,4.23,2.29,,,2.13,1.65,1.98,3.05,,,2.14,3.34,
RI,,,,1.51,,1.45,,,2.73,,1.91,2.78,,1.57,1.77,,1.90,,,,2.21,,1.72,,1.77,1.98,,,1.75,,,,,3.19,,,,3.31,1.61,,2.38,,2.27,,,,1.64,,,1.76,1.74,,2.07,,,1.53,,
SC,1.98,2.44,2.10,1.62,,1.37,2.34,2.93,3.27,3.23,3.17,1.94,1.81,1.82,2.07,1.92,2.35,2.03,2.90,,2.73,2.78,2.04,1.86,1.97,2.11,2.20,,3.76,2.01,1.92,,2.87,2.68,1.71,,1.63,2.76,2.18,2.07,1.67,1.77,2.66,,1.56,2.81,3.64,1.91,,2.55,1.72,1.87,3.14,2.73,1.80,1.86,3.08,2.29
SD,,2.13,2.80,2.12,,1.99,3.09,,,2.63,2.41,3.05,,2.45,2.51,3.06,2.31,,2.66,,2.61,,2.29,2.97,2.76,2.09,,,2.41,3.38,3.69,,,2.51,,,2.41,2.73,2.68,3.00,,2.33,2.62,,,,2.51,3.58,,2.51,2.55,3.05,2.36,,2.71,2.36,,4.22
SK,2.61,,,,,1.78,,,,,,,,1.55,,,,,,,,,,,,,,,,,,,,,,,,,,,1.29,,,,,,,,,,,,,,,,,
TN,2.01,3.50,2.69,1.89,2.06,1.50,2.71,2.86,2.98,3.20,3.33,2.27,2.01,2.05,2.49,2.29,3.13,2.61,2.98,,2.89,2.78,2.22,2.29,2.35,2.85,2.31,,2.97,2.30,2.35,,2.86,2.67,2.06,,1.82,2.85,2.43,2.60,1.89,2.02,2.77,,1.73,2.77,3.06,2.40,,3.33,2.06,2.09,3.11,2.83,2.01,2.02,3.27,2.59
TX,1.87,2.32,2.55,1.70,2.07,1.49,2.78,2.24,2.21,2.53,2.28,2.23,2.11,1.94,1.99,2.41,2.13,2.81,2.21,1.96,2.24,2.22,1.92,2.00,2.23,2.38,2.64,1.92,2.08,2.30,2.29,,2.22,2.14,2.52,1.75,1.85,2.21,1.96,3.06,1.71,2.11,2.15,,1.55,2.30,2.18,2.47,1.96,2.16,2.42,2.08,2.19,2.21,2.05,1.90,2.25,2.72
UT,2.26,2.30,2.08,2.06,2.31,1.43,3.47,2.06,,2.35,2.54,2.16,2.81,2.13,2.35,2.45,2.15,2.29,2.00,,2.80,,2.18,2.30,2.16,2.28,4.06,,2.38,2.66,2.59,,2.24,2.50,3.09,,1.86,2.49,2.26,2.23,1.50,2.74,2.18,,2.30,,2.24,2.76,,2.16,2.16,2.93,2.46,2.83,2.78,2.14,,3.39
VA,1.94,2.29,1.89,1.65,,1.40,2.34,3.48,3.76,2.81,2.25,1.96,1.91,1.86,1.99,1.89,2.19,2.03,3.42,2.32,3.72,3.22,2.04,1.93,1.92,2.01,2.20,,3.10,2.05,2.03,,3.34,3.33,1.69,,1.73,3.31,2.20,1.85,2.13,1.77,3.38,,2.01,3.32,2.74,2.11,,2.25,1.73,1.86,4.09,3.79,1.88,1.82,3.57,
VT,,2.00,2.18,,,1.58,,4.64,,2.42,2.20,2.09,,1.96,1.86,,2.03,,4.71,,3.33,,2.08,,2.08,2.04,,,2.31,,,,,3.37,,,,3.99,1.94,,,,3.11,,,,,,,2.35,1.77,,2.83,,,1.94,,
WA,2.74,1.92,1.84,1.70,3.58,1.60,2.52,2.26,,2.06,1.93,2.09,2.63,1.73,1.95,1.99,1.62,2.14,2.00,,2.05,,1.52,2.02,1.97,1.91,3.55,,1.95,2.37,2.16,,2.14,2.12,2.50,,2.04,2.18,1.85,2.03,1.52,3.48,2.00,,1.40,1.80,1.82,2.35,3.15,1.93,1.98,2.18,2.20,,3.65,1.85,,2.83
WI,2.10,2.98,3.02,1.92,2.38,1.66,3.16,3.20,3.32,2.85,3.11,3.54,2.18,3.64,3.56,2.99,3.32,2.64,2.98,2.45,3.32,3.16,3.46,2.92,3.06,2.66,3.06,,2.94,2.82,2.93,,2.86,2.98,2.29,,2.05,3.40,3.32,2.94,1.91,2.14,3.27,,1.66,2.98,2.90,3.10,2.46,3.04,2.23,2.26,3.21,2.92,2.03,3.50,3.64,3.51
WV,,2.70,2.35,1.57,,1.50,2.49,4.17,4.76,2.97,2.95,2.30,,2.08,2.53,2.14,3.12,2.15,3.82,,4.54,,2.52,2.24,2.50,2.19,,,3.25,,,,3.67,4.03,,,,4.07,3.47,2.25,2.10,,4.35,,,,3.23,,,2.94,1.87,1.83,4.56,3.90,,2.33,4.18,
WY,,2.21,,1.96,,1.77,3.09,,,2.09,1.96,2.23,,1.94,1.97,2.04,,2.00,,,,,2.13,2.40,2.41,,,,1.91,,1.99,,,2.20,2.65,,1.74,,1.64,2.03,1.65,2.17,2.10,,,,,,,2.29,2.05,2.68,2.45,,2.29,1.84,,4.80