date,General Freight Trucking (Local),General Freight Trucking Services (Local): General Freight Trucking,General Freight Trucking (Local): Primary Services,General Freight Trucking (Local): Other Receipts,General Freight Trucking (Local): 2,General Freight Trucking (Local): PC1,General Freight Trucking (Long-Distance Truckload),General Freight Trucking (Long-Distance Truckload): 2,General Freight Trucking (Long-Distance Truckload): PC1,General Freight Trucking (Long-Distance Truckload): Primary Services,General Freight Trucking (Long-Distance Truckload): Other Receipts,General Freight Trucking (Long-Distance Less Than Truckload),General Freight Trucking (Long-Distance Less Than Truckload): 2,General Freight Trucking (Long-Distance Less Than Truckload): PC1,General Freight Trucking (Long-Distance Less Than Truckload): Primary Services,General Freight Trucking (Long-Distance Less Than Truckload): Other Receipts,General Freight Trucking (Long-Distance),General Freight Trucking (Long-Distance): PC1,General Freight Trucking,PCU48414841: PC1,Used Household and Office Goods Moving,Used Household and Office Goods Moving (Except Local),Used Household and Office Goods Moving (Local),Used Household and Office Goods Moving: Primary Sources,Used Household and Office Goods Moving: 2,Specialized Freight (Except Used Goods Local),Specialized Freight (Except Used Goods Local): DISCONTINUED,Specialized Freight (Except Used Goods): Primary Services,Specialized Freight (Except Used Goods): Other Receipts,Specialized Freight (Except Used Local),Specialized Freight (Except Used Goods Long-Distance),Specialized Freight (Except Used Goods Long-Distance): 2,Specialized Freight (Except Used Goods Long-Distance): Primary Services,Specialized Freight (Except Used Goods Long-Distance): Other Receipts,Specialized Freight (Except Used),Specialized Freight Trucking,Truck Transportation,Truck Transportation: PC1
1992-06-01,,,,,,,,100.000,,100.000,,,100.000,,100.000,,,,,,,100.000,,,,,,,,,,,,,,,,
1992-07-01,,,,,,,,99.900,,99.900,,,99.700,,99.700,,,,,,,100.000,,,,,,,,,,,,,,,,
1992-08-01,,,,,,,,100.000,,100.000,,,100.500,,100.500,,,,,,,97.700,,,,,,,,,,,,,,,,
1992-09-01,,,,,,,,99.800,,99.800,,,100.000,,100.000,,,,,,,97.700,,,,,,,,,,,,,,,,
1992-10-01,,,,,,,,99.800,,99.800,,,100.300,,100.300,,,,,,,96.500,,,,,,,,,,,,,,,,
1992-11-01,,,,,,,,99.500,,99.500,,,100.300,,100.300,,,,,,,96.500,,,,,,,,,,,,,,,,
1992-12-01,,,,,,,,99.500,,99.500,,,100.100,,100.100,,,,,,,96.600,,,,,,,,,,,,,,,,
1993-01-01,,,,,,,,99.600,,99.600,,,103.000,,103.000,,,,,,,99.600,,,,,,,,,,,,,,,,
1993-02-01,,,,,,,,99.600,,99.600,,,102.300,,102.300,,,,,,,99.900,,,,,,,,,,,,,,,,
1993-03-01,,,,,,,,99.800,,99.800,,,102.600,,102.600,,,,,,,99.900,,,,,,,,,,,,,,,,
1993-04-01,,,,,,,,99.800,,99.800,,,102.500,,102.500,,,,,,,99.900,,,,,,,,,,,,,,,,
1993-05-01,,,,,,,,98.600,,98.600,,,102.600,,102.600,,,,,,,100.000,,,,,,,,,,,,,,,,
1993-06-01,,100.000,100.000,,,,,99.500,-0.50000,99.500,,,102.600,2.60000,102.600,,,,,,,101.500,,,,,100.0,100.000,,,,,,,,,,
1993-07-01,,100.000,100.000,,,,,97.600,-2.30230,97.600,,,102.600,2.90873,102.600,,,,,,,101.500,,,,,99.5,99.500,,,,,,,,,,
1993-08-01,,100.400,100.400,,,,,98.700,-1.30000,98.700,,,103.400,2.88557,103.400,,,,,,,101.600,,,,,99.5,99.500,,,,,,,,,,
1993-09-01,,99.900,99.900,,,,,98.700,-1.10220,98.700,,,103.400,3.40000,103.400,,,,,,,101.600,,,,,99.5,99.500,,,,,,,,,,
1993-10-01,,100.700,100.700,,,,,98.700,-1.10220,98.700,,,103.500,3.19043,103.500,,,,,,,100.700,,,,,99.5,99.500,,,,,,,,,,
1993-11-01,,100.500,100.500,,,,,98.200,-1.30653,98.200,,,104.100,3.78863,104.100,,,,,,,101.100,,,,,99.5,99.500,,,,,,,,,,
1993-12-01,,101.500,101.500,,,,,98.100,-1.40704,98.100,,,104.200,4.09590,104.200,,,,,,,101.000,,,,,99.6,99.600,,,,,,,,,,
1994-01-01,,102.000,102.000,,,,,97.500,-2.10843,97.500,,,106.000,2.91262,106.000,,,,,,,101.000,,,,,99.2,99.200,,,,,,,,,,
1994-02-01,,101.800,101.800,,,,,98.700,-0.90361,98.700,,,106.400,4.00782,106.400,,,,,,,101.000,,,,,99.2,99.200,,,,,,,,,,
1994-03-01,,102.800,102.800,,,,,99.500,-0.30060,99.500,,,106.400,3.70370,106.400,,,,,,,101.000,,,,,99.2,99.200,,,,,,,,,,
1994-04-01,,102.900,102.900,,,,,99.000,-0.80160,99.000,,,106.500,3.90244,106.500,,,,,,,103.200,,,,,99.2,99.200,,,,,,,,,,
1994-05-01,,103.800,103.800,,,,,98.900,0.30426,98.900,,,106.800,4.09357,106.800,,,,,,,104.000,,,,,99.9,99.900,,,,,,,,,,
1994-06-01,,103.400,103.400,,,,,99.500,0.00000,99.500,,,106.700,3.99610,106.700,,,,,,,105.700,,,,,100.0,100.000,,,,,,,,,,
1994-07-01,,103.400,103.400,,,,,100.100,2.56148,100.100,,,106.800,4.09357,106.800,,,,,,,106.000,,,,,100.0,100.000,,,,,,,,,,
1994-08-01,,102.900,102.900,,,,,100.200,1.51976,100.200,,,106.700,3.19149,106.700,,,,,,,107.300,,,,,100.3,100.300,,,,,,,,,,
1994-09-01,,103.300,103.300,,,,,100.300,1.62107,100.300,,,107.100,3.57834,107.100,,,,,,,106.900,,,,,100.6,100.600,,,,,,,,,,
1994-10-01,,104.600,104.600,,,,,101.300,2.63425,101.300,,,107.100,3.47826,107.100,,,,,,,106.300,,,,,100.6,100.600,,,,,,,,,,
1994-11-01,,104.200,104.200,,,,,101.200,3.05499,101.200,,,107.400,3.17003,107.400,,,,,,,106.300,,,,,100.6,100.600,,,,,,,,,,
1994-12-01,,103.700,103.700,,,,,102.100,4.07747,102.100,,,107.400,3.07102,107.400,,,,,,,106.300,,,,,100.6,100.600,,,,,,,,,,
1995-01-01,,103.800,103.800,,,,,100.800,3.38462,100.800,,,109.400,3.20755,109.400,,,,,,,106.000,,,,,101.0,101.000,,,,,,,,,,
1995-02-01,,104.000,104.000,,,,,102.100,3.44478,102.100,,,109.600,3.00752,109.600,,,,,,,106.400,,,,,101.0,101.000,,,,,,,,,,
1995-03-01,,103.800,103.800,,,,,102.800,3.31658,102.800,,,109.300,2.72556,109.300,,,,,,,106.400,,,,,101.0,101.000,,,,,,,,,,
1995-04-01,,104.000,104.000,,,,,102.000,3.03030,102.000,,,109.500,2.81690,109.500,,,,,,,106.300,,,,,100.9,100.900,,,,,,,,,,
1995-05-01,,104.300,104.300,,,,,102.500,3.64004,102.500,,,109.300,2.34082,109.300,,,,,,,106.900,,,,,100.9,100.900,,,,,,,,,,
1995-06-01,,104.800,104.800,,,,,102.900,3.41709,102.900,,,109.100,2.24930,109.100,,,,,,,109.300,,,,,100.9,100.900,,,,,,,,,,
1995-07-01,,105.300,105.300,,,,,101.200,1.09890,101.200,,,109.100,2.15356,109.100,,,,,,,109.000,,,,,100.9,100.900,,,,,,,,,,
1995-08-01,,105.300,105.300,,,,,103.600,3.39321,103.600,,,108.600,1.78069,108.600,,,,,,,109.000,,,,,100.9,100.900,,,,,,,,,,
1995-09-01,,105.000,105.000,,,,,102.800,2.49252,102.800,,,109.000,1.77404,109.000,,,,,,,109.000,,,,,100.9,100.900,,,,,,,,,,
1995-10-01,,105.000,105.000,,,,,103.100,1.77690,103.100,,,109.000,1.77404,109.000,,,,,,,109.800,,,,,100.9,100.900,,,,,,,,,,
1995-11-01,,105.000,105.000,,,,,102.700,1.48221,102.700,,,109.100,1.58287,109.100,,,,,,,109.800,,,,,100.9,100.900,,,,,,,,,,
1995-12-01,,106.200,106.200,,,,,101.400,-0.68560,101.400,,,109.000,1.48976,109.000,,,,,,,110.300,,,,,100.9,100.900,,,,,,,,,,
1996-01-01,,105.800,105.800,,,,,100.600,-0.19841,100.600,,,112.400,2.74223,112.400,,,,,,,110.300,,,,,100.9,100.900,,,,,,,,,,
1996-02-01,,104.400,104.400,,,,,102.000,-0.09794,102.000,,,112.700,2.82847,112.700,,,,,,,111.900,,,,,100.9,100.900,,,,,,,,,,
1996-03-01,,105.100,105.100,,,,,102.100,-0.68093,102.100,,,112.800,3.20220,112.800,,,,,,,112.200,,,,,100.9,100.900,,,,,,,,,,
1996-04-01,,104.500,104.500,,,,,102.100,0.09804,102.100,,,112.800,3.01370,112.800,,,,,,,112.200,,,,,100.9,100.900,,,,,,,,,,
1996-05-01,,105.000,105.000,,,,,102.700,0.19512,102.700,,,112.700,3.11070,112.700,,,,,,,112.200,,,,,102.5,102.500,,,,,,,,,,
1996-06-01,,105.700,105.700,,,,,102.700,-0.19436,102.700,,,113.000,3.57470,113.000,,,,,,,126.800,,,,,102.5,102.500,,,,,,,,,,
1996-07-01,,105.100,105.100,,,,,102.500,1.28458,102.500,,,113.900,4.39963,113.900,,,,,,,112.200,,,,,102.5,102.500,,,,,,,,,,
1996-08-01,,104.700,104.700,,,,,102.400,-1.15830,102.400,,,113.700,4.69613,113.700,,,,,,,116.000,,,,,102.7,102.700,,,,,,,,,,
1996-09-01,,105.000,105.000,,,,,102.400,-0.38911,102.400,,,114.500,5.04587,114.500,,,,,,,116.000,,,,,102.7,102.700,,,,,,,,,,
1996-10-01,,105.000,105.000,,,,,103.100,0.00000,103.100,,,115.800,6.23853,115.800,,,,,,,116.000,,,,,102.7,102.700,,,,,,,,,,
1996-11-01,,104.800,104.800,,,,,103.200,0.48685,103.200,,,115.800,6.14115,115.800,,,,,,,116.000,,,,,102.7,102.700,,,,,,,,,,
1996-12-01,,106.400,106.400,,,,,103.200,1.77515,103.200,,,115.800,6.23853,115.800,,,,,,,115.800,,,,,102.7,102.700,,,,,,,,,,
1997-01-01,,106.200,106.200,,,,,103.200,2.58449,103.200,,,119.800,6.58363,119.800,,,,,,,113.300,,,,,105.3,105.300,,,,,,,,,,
1997-02-01,,104.000,104.000,,,,,103.200,1.17647,103.200,,,120.700,7.09849,120.700,,,,,,,113.900,,,,,105.0,105.000,,,,,,,,,,
1997-03-01,,106.500,106.500,,,,,103.200,1.07738,103.200,,,119.600,6.02837,119.600,,,,,,,116.000,,,,,105.4,105.400,,,,,,,,,,
1997-04-01,,107.100,107.100,,,,,103.400,1.27326,103.400,,,120.100,6.47163,120.100,,,,,,,116.300,,,,,105.7,105.700,,,,,,,,,,
1997-05-01,,105.400,105.400,,,,,103.500,0.77897,103.500,,,120.400,6.83230,120.400,,,,,,,116.300,,,,,106.4,106.400,,,,,,,,,,
1997-06-01,,107.500,107.500,,,,,103.400,0.68160,103.400,,,120.300,6.46018,120.300,,,,,,,117.300,,,,,106.4,106.400,,,,,,,,,,
1997-07-01,,107.000,107.000,,,,,103.500,0.97561,103.500,,,120.800,6.05795,120.800,,,,,,,117.300,,,,,106.7,106.700,,,,,,,,,,
1997-08-01,,106.200,106.200,,,,,103.600,1.17188,103.600,,,121.500,6.86016,121.500,,,,,,,117.000,,,,,106.7,106.700,,,,,,,,,,
1997-09-01,,106.800,106.800,,,,,103.800,1.36719,103.800,,,121.900,6.46288,121.900,,,,,,,116.700,,,,,106.7,106.700,,,,,,,,,,
1997-10-01,,103.400,103.400,,,,,103.900,0.77595,103.900,,,122.500,5.78584,122.500,,,,,,,117.000,,,,,106.8,106.800,,,,,,,,,,
1997-11-01,,102.100,102.100,,,,,104.000,0.77519,104.000,,,122.700,5.95855,122.700,,,,,,,113.500,,,,,106.8,106.800,,,,,,,,,,
1997-12-01,,103.100,103.100,,,,,104.000,0.77519,104.000,,,123.200,6.39033,123.200,,,,,,,114.000,,,,,106.8,106.800,,,,,,,,,,
1998-01-01,,104.000,104.000,,,,,104.600,1.35659,104.600,,,127.800,6.67780,127.800,,,,,,,115.500,,,,,106.9,106.900,,,,,,,,,,
1998-02-01,,101.300,101.300,,,,,104.600,1.35659,104.600,,,125.900,4.30820,125.900,,,,,,,115.500,,,,,106.9,106.900,,,,,,,,,,
1998-03-01,,102.400,102.400,,,,,104.600,1.35659,104.600,,,125.900,5.26756,125.900,,,,,,,115.500,,,,,107.8,107.800,,,,,,,,,,
1998-04-01,,103.900,103.900,,,,,104.600,1.16054,104.600,,,126.000,4.91257,126.000,,,,,,,115.500,,,,,107.8,107.800,,,,,,,,,,
1998-05-01,,103.900,103.900,,,,,104.300,0.77295,104.300,,,127.300,5.73090,127.300,,,,,,,117.000,,,,,107.8,107.800,,,,,,,,,,
1998-06-01,,104.300,104.300,,,,,104.300,0.87041,104.300,,,127.800,6.23441,127.800,,,,,,,118.500,,,,,107.8,107.800,,,,,,,,,,
1998-07-01,,104.500,104.500,,,,,104.400,0.86957,104.400,,,129.300,7.03642,129.300,,,,,,,118.500,,,,,107.9,107.900,,,,,,,,,,
1998-08-01,,104.500,104.500,,,,,104.500,0.86873,104.500,,,130.100,7.07819,130.100,,,,,,,118.500,,,,,107.9,107.900,,,,,,,,,,
1998-09-01,,104.500,104.500,,,,,104.500,0.67437,104.500,,,131.600,7.95734,131.600,,,,,,,118.500,,,,,107.9,107.900,,,,,,,,,,
1998-10-01,,102.100,102.100,,,,,104.700,0.76997,104.700,,,133.400,8.89796,133.400,,,,,,,116.600,,,,,108.9,108.900,,,,,,,,,,
1998-11-01,,102.100,102.100,,,,,104.700,0.67308,104.700,,,133.100,8.47596,133.100,,,,,,,116.600,,,,,108.9,108.900,,,,,,,,,,
1998-12-01,,102.100,102.100,,,,,104.600,0.57692,104.600,,,133.300,8.19805,133.300,,,,,,,116.600,,,,,108.9,108.900,,,,,,,,,,
1999-01-01,,102.100,102.100,,,,,105.100,0.47801,105.100,,,136.300,6.65102,136.300,,,,,,,119.600,,,,,108.9,108.900,,,,,,,,,,
1999-02-01,,102.100,102.100,,,,,105.200,0.57361,105.200,,,136.100,8.10167,136.100,,,,,,,119.600,,,,,109.4,109.400,,,,,,,,,,
1999-03-01,,102.300,102.300,,,,,105.200,0.57361,105.200,,,136.100,8.10167,136.100,,,,,,,119.600,,,,,109.4,109.400,,,,,,,,,,
1999-04-01,,102.300,102.300,,,,,105.200,0.57361,105.200,,,136.600,8.41270,136.600,,,,,,,119.600,,,,,109.4,109.400,,,,,,,,,,
1999-05-01,,102.300,102.300,,,,,105.400,1.05465,105.400,,,136.600,7.30558,136.600,,,,,,,119.600,,,,,109.5,109.500,,,,,,,,,,
1999-06-01,,102.300,102.300,,,,,105.500,1.15053,105.500,,,136.600,6.88576,136.600,,,,,,,123.700,,,,,109.5,109.500,,,,,,,,,,
1999-07-01,,102.300,102.300,,,,,105.500,1.05364,105.500,,,136.900,5.87780,136.900,,,,,,,123.700,,,,,109.5,109.500,,,,,,,,,,
1999-08-01,,102.300,102.300,,,,,105.600,1.05263,105.600,,,138.300,6.30284,138.300,,,,,,,123.700,,,,,109.5,109.500,,,,,,,,,,
1999-09-01,,102.500,102.500,,,,,105.800,1.24402,105.800,,,141.100,7.21884,141.100,,,,,,,123.800,,,,,110.8,110.800,,,,,,,,,,
1999-10-01,,101.300,101.300,,,,,105.600,0.85960,105.600,,,140.300,5.17241,140.300,,,,,,,123.800,,,,,110.8,110.800,,,,,,,,,,
1999-11-01,,101.300,101.300,,,,,105.500,0.76409,105.500,,,140.100,5.25920,140.100,,,,,,,124.400,,,,,110.8,110.800,,,,,,,,,,
1999-12-01,,101.600,101.600,,,,,105.700,1.05163,105.700,,,140.400,5.32633,140.400,,,,,,,124.400,,,,,110.2,110.200,,,,,,,,,,
2000-01-01,,102.000,102.000,,,,,106.100,0.95147,106.100,,,141.500,3.81511,141.500,,,,,,,128.200,,,,,111.8,111.800,,,,,,,,,,
2000-02-01,,102.400,102.400,,,,,106.400,1.14068,106.400,,,143.100,5.14328,143.100,,,,,,,128.300,,,,,111.8,111.800,,,,,,,,,,
2000-03-01,,102.600,102.600,,,,,107.000,1.71103,107.000,,,144.500,6.17193,144.500,,,,,,,129.000,,,,,112.2,112.200,,,,,,,,,,
2000-04-01,,102.600,102.600,,,,,107.500,2.18631,107.500,,,144.400,5.71010,144.400,,,,,,,128.300,,,,,112.2,112.200,,,,,,,,,,
2000-05-01,,103.100,103.100,,,,,107.900,2.37192,107.900,,,144.500,5.78331,144.500,,,,,,,128.300,,,,,117.4,117.400,,,,,,,,,,
2000-06-01,,103.800,103.800,,,,,108.000,2.36967,108.000,,,144.900,6.07613,144.900,,,,,,,127.700,,,,,117.5,117.500,,,,,,,,,,
2000-07-01,,103.800,103.800,,,,,108.100,2.46445,108.100,,,143.400,4.74799,143.400,,,,,,,127.400,,,,,117.5,117.500,,,,,,,,,,
2000-08-01,,103.800,103.800,,,,,108.400,2.65152,108.400,,,149.600,8.17064,149.600,,,,,,,127.500,,,,,117.7,117.700,,,,,,,,,,
2000-09-01,,104.100,104.100,,,,,109.200,3.21361,109.200,,,153.200,8.57548,153.200,,,,,,,131.800,,,,,118.0,118.000,,,,,,,,,,
2000-10-01,,104.200,104.200,,,,,109.500,3.69318,109.500,,,153.000,9.05203,153.000,,,,,,,131.800,,,,,118.0,118.000,,,,,,,,,,
2000-11-01,,104.200,104.200,,,,,109.800,4.07583,109.800,,,154.000,9.92148,154.000,,,,,,,132.400,,,,,118.0,118.000,,,,,,,,,,
2000-12-01,,104.200,104.200,,,,,109.800,3.87890,109.800,,,153.900,9.61538,153.900,,,,,,,132.400,,,,,118.0,118.000,,,,,,,,,,
2001-01-01,,104.700,104.700,,,,,110.000,3.67578,110.000,,,152.500,7.77385,152.500,,,,,,,137.700,,,,,118.0,118.000,,,,,,,,,,
2001-02-01,,104.700,104.700,,,,,109.600,3.00752,109.600,,,152.800,6.77848,152.800,,,,,,,137.700,,,,,118.0,118.000,,,,,,,,,,
2001-03-01,,105.900,105.900,,,,,109.400,2.24299,109.400,,,152.000,5.19031,152.000,,,,,,,137.700,,,,,118.0,118.000,,,,,,,,,,
2001-04-01,,105.900,105.900,,,,,109.700,2.04651,109.700,,,151.700,5.05540,151.700,,,,,,,137.300,,,,,118.0,118.000,,,,,,,,,,
2001-05-01,,106.000,106.000,,,,,109.900,1.85357,109.900,,,152.000,5.19031,152.000,,,,,,,137.200,,,,,120.5,120.500,,,,,,,,,,
2001-06-01,,106.000,106.000,,,,,109.900,1.75926,109.900,,,152.400,5.17598,152.400,,,,,,,137.500,,,,,120.9,120.900,,,,100.000,100.000,,,,,
2001-07-01,,106.100,106.100,,,,,110.300,2.03515,110.300,,,152.100,6.06695,152.100,,,,,,,137.300,,,,,120.7,120.700,,,,99.800,99.800,,,,,
2001-08-01,,106.600,106.600,,,,,110.200,1.66052,110.200,,,154.500,3.27540,154.500,,,,,,,136.800,,,,,121.7,121.700,,,,99.700,99.700,,,,,
2001-09-01,,105.800,105.800,,,,,110.400,1.09890,110.400,,,156.800,2.34987,156.800,,,,,,,135.900,,,,,121.6,121.600,,,,100.000,100.000,,,,,
2001-10-01,,106.100,106.100,,,,,110.000,0.45662,110.000,,,155.500,1.63399,155.500,,,,,,,134.600,,,,,121.2,121.200,,,,99.800,99.800,,,,,
2001-11-01,,106.200,106.200,,,,,109.700,-0.09107,109.700,,,156.300,1.49351,156.300,,,,,,,133.600,,,,,121.0,121.000,,,,99.500,99.500,,,,,
2001-12-01,,106.600,106.600,,,,,109.300,-0.45537,109.300,,,154.800,0.58480,154.800,,,,,,,133.700,,,,,120.8,120.800,,,,99.000,99.000,,,,,
2002-01-01,,106.300,106.300,,,,,108.900,-1.00000,108.900,,,156.800,2.81967,156.800,,,,,,,135.400,,,,,120.9,120.900,,,,98.800,98.800,,,,,
2002-02-01,,106.500,106.500,,,,,108.800,-0.72993,108.800,,,156.100,2.15969,156.100,,,,,,,135.600,,,,,120.8,120.800,,,,98.700,98.700,,,,,
2002-03-01,,106.400,106.400,,,,,108.700,-0.63985,108.700,,,156.300,2.82895,156.300,,,,,,,135.600,,,,,120.7,120.700,,,,98.800,98.800,,,,,
2002-04-01,,106.600,106.600,,,,,109.300,-0.36463,109.300,,,156.700,3.29598,156.700,,,,,,,136.700,,,,,120.0,120.000,,,,99.100,99.100,,,,,
2002-05-01,,106.400,106.400,,,,,109.300,-0.54595,109.300,,,159.500,4.93421,159.500,,,,,,,138.100,,,,,120.0,120.000,,,,99.100,99.100,,,,,
2002-06-01,,106.000,106.000,,,,,109.500,-0.36397,109.500,,,160.500,5.31496,160.500,,,,,,,138.700,,,,,120.0,120.000,,,,99.300,99.300,,,,,
2002-07-01,,106.500,106.500,,,,,109.500,-0.72529,109.500,,,158.900,4.47074,158.900,,,,,,,138.700,,,,,119.7,119.700,,,,99.400,99.400,,,,,
2002-08-01,,107.000,107.000,,,,,109.800,-0.36298,109.800,,,164.300,6.34304,164.300,,,,,,,138.800,,,,,119.7,119.700,,,,99.500,99.500,,,,,
2002-09-01,,106.700,106.700,,,,,109.900,-0.45290,109.900,,,164.100,4.65561,164.100,,,,,,,139.600,,,,,120.4,120.400,,,,99.700,99.700,,,,,
2002-10-01,,107.800,107.800,,,,,110.200,0.18182,110.200,,,165.000,6.10932,165.000,,,,,,,140.200,,,,,120.4,120.400,,,,100.100,100.100,,,,,
2002-11-01,,108.300,108.300,,,,,110.400,0.63810,110.400,,,166.200,6.33397,166.200,,,,,,,142.700,,,,,121.1,121.100,,,,100.100,100.100,,,,,
2002-12-01,,108.500,108.500,,,,,110.300,0.91491,110.300,,,164.800,6.45995,164.800,,,,,,,142.400,,,,,121.1,121.100,,,,100.300,100.300,,,,,
2003-01-01,,108.500,108.500,,,,,110.400,1.37741,110.400,,,165.500,5.54847,165.500,,,,,,,143.100,,,,,121.1,121.100,,,,100.500,100.500,,,,,
2003-02-01,,108.600,108.600,,,,,110.800,1.83824,110.800,,,166.000,6.34209,166.000,,,,,,,144.100,,,,,121.1,121.100,,,,100.900,100.900,,,,,
2003-03-01,,109.000,109.000,,,,,111.400,2.48390,111.400,,,166.900,6.78183,166.900,,,,,,,144.800,,,,,121.1,121.100,,,,101.700,101.700,,,,,
2003-04-01,,109.200,109.200,,,,,111.600,2.10430,111.600,,,165.100,5.36056,165.100,,,,,,,145.700,,,,,121.3,121.300,,,,101.500,101.500,,,,,
2003-05-01,,109.500,109.500,,,,,111.800,2.28728,111.800,,,163.900,2.75862,163.900,,,,,,,145.400,,,,,122.0,122.000,,,,101.000,101.000,,,,,
2003-06-01,,109.600,109.600,,,,,111.400,1.73516,111.400,,,164.900,2.74143,164.900,,,,,,,144.900,,,,,122.0,122.000,,,,101.000,101.000,,,,,
2003-07-01,,111.000,111.000,,,,,112.400,2.64840,112.400,,,166.300,4.65702,166.300,,,,,,,145.100,,,,,122.0,122.000,,,,100.900,100.900,,,,,
2003-08-01,,110.300,110.300,,,,,112.800,2.73224,112.800,,,168.100,2.31284,168.100,,,,,,,145.100,,,,,122.0,122.000,,,,101.100,101.100,,,,,
2003-09-01,,110.500,110.500,,,,,113.000,2.82075,113.000,,,170.400,3.83912,170.400,,,,,,,144.900,,,,,122.0,122.000,,,,101.100,101.100,,,,,
2003-10-01,,110.700,110.700,,,,,113.300,2.81307,113.300,,,168.900,2.36364,168.900,,,,,,,145.300,,,,,122.0,122.000,,,,101.200,101.200,,,,,
2003-11-01,,111.300,111.300,,,,,113.400,2.71739,113.400,,,169.400,1.92539,169.400,,,,,,,145.200,,,,,122.1,122.100,,,,101.300,101.300,,,,,
2003-12-01,100.000,111.200,111.200,100.000,100.000,,100.000,113.900,3.26383,113.900,100.0,100.000,169.300,2.73058,169.300,100.0,100.000,,100.000,,100.000,145.300,100.000,100.000,100.000,100.000,122.1,122.100,100.0,100.000,100.000,101.800,101.800,100.000,100.000,100.000,100.000,
2004-01-01,100.500,111.800,111.800,100.100,100.500,,100.300,114.200,3.44203,114.200,100.7,101.100,171.200,3.44411,171.200,100.3,100.500,,100.500,,100.600,146.600,100.000,100.700,100.600,100.100,122.2,122.200,99.9,100.100,100.000,101.800,101.800,100.500,100.000,100.200,100.400,
2004-02-01,101.800,113.300,113.300,100.100,101.800,,101.100,115.100,3.88087,115.100,102.7,101.500,171.900,3.55422,171.900,100.6,101.200,,101.300,,100.700,146.600,100.000,100.700,100.700,101.100,123.5,123.500,99.9,101.100,100.100,101.800,101.800,101.000,100.100,100.600,101.100,
2004-03-01,101.900,113.400,113.400,100.300,101.900,,101.200,115.200,3.41113,115.200,103.1,101.900,172.500,3.35530,172.500,101.9,101.400,,101.500,,100.800,147.100,99.500,100.800,100.800,101.600,124.1,124.100,100.2,101.600,100.100,101.900,101.900,101.200,100.100,100.800,101.300,
2004-04-01,103.500,115.300,115.300,100.100,103.500,,101.500,115.600,3.58423,115.600,103.4,101.400,171.600,3.93701,171.600,102.3,101.500,,101.800,,101.100,147.100,99.600,100.900,101.000,102.000,124.6,124.600,100.6,102.000,100.600,102.300,102.300,102.600,100.600,101.200,101.600,
2004-05-01,104.500,116.400,116.400,99.900,104.500,,101.900,116.000,3.75671,116.000,103.8,102.200,173.100,5.61318,173.100,102.7,102.000,,102.400,,101.300,147.500,99.900,101.100,101.300,103.300,126.2,126.200,100.6,103.300,101.400,103.200,103.200,103.800,101.400,102.100,102.300,
2004-06-01,105.200,117.300,117.300,99.900,105.200,,102.500,116.700,4.75763,116.700,108.3,103.400,175.000,6.12492,175.000,104.8,102.800,,103.200,,103.700,150.700,101.900,103.300,103.700,103.400,126.4,126.400,100.6,103.400,101.400,103.100,103.100,103.900,101.400,102.700,103.000,
2004-07-01,106.500,118.700,118.700,102.100,106.500,,102.600,116.700,3.82562,116.700,108.3,104.800,177.400,6.67468,177.400,104.8,103.300,,103.800,,103.700,150.800,102.400,103.400,103.700,103.200,126.2,126.200,100.6,103.200,101.700,103.400,103.400,104.400,101.700,102.700,103.400,
2004-08-01,106.600,118.800,118.800,102.100,106.600,,103.000,117.300,3.98936,117.300,108.4,105.100,177.900,5.82986,177.900,105.1,103.700,,104.200,,103.600,150.400,102.400,103.300,103.600,103.300,126.3,126.300,100.6,103.300,102.200,103.900,103.900,104.300,102.200,102.900,103.700,
2004-09-01,107.100,119.300,119.300,102.100,107.100,,104.000,118.300,4.69027,118.300,108.4,106.300,180.100,5.69249,180.100,106.4,104.700,,105.100,,104.800,152.900,102.400,104.600,104.800,103.300,126.3,126.300,100.6,103.300,102.300,104.100,104.100,104.500,102.300,103.300,104.500,
2004-10-01,107.800,120.100,120.100,102.700,107.800,,104.700,119.200,5.20741,119.200,108.5,107.100,181.300,7.34162,181.300,107.4,105.500,,105.900,,103.400,149.900,102.500,103.000,103.400,103.700,126.7,126.700,100.6,103.700,103.300,105.000,105.000,105.900,103.300,103.400,105.000,
2004-11-01,108.000,120.400,120.400,102.700,108.000,,105.400,120.000,5.82011,120.000,109.4,108.100,183.000,8.02834,183.000,108.3,106.300,,106.600,,103.800,150.800,102.200,103.400,103.800,103.700,126.8,126.800,100.6,103.700,103.700,105.500,105.500,106.200,103.700,103.700,105.600,
2004-12-01,108.600,121.100,121.100,102.700,108.700,8.70000,104.800,119.400,4.82880,119.400,108.0,108.000,182.900,8.03308,182.900,107.7,105.900,5.90000,106.300,6.30000,104.200,151.500,102.300,103.800,104.200,103.800,126.9,126.900,100.6,103.800,103.700,105.500,105.500,106.200,103.700,103.800,105.500,5.50000
2005-01-01,109.400,122.000,122.000,102.700,109.400,8.85572,105.500,120.100,5.16637,120.100,108.3,108.100,183.000,6.89252,183.000,106.8,106.300,5.77114,106.800,6.26866,104.500,152.000,102.400,104.100,104.500,104.300,127.5,127.500,100.7,104.300,104.100,105.900,105.900,106.100,104.100,104.300,106.000,5.57769
2005-02-01,109.100,121.600,121.600,102.400,109.100,7.17092,106.200,120.900,5.03910,120.900,108.4,107.500,182.100,5.93368,182.100,106.9,106.600,5.33597,107.000,5.62685,104.500,151.900,102.800,104.200,104.500,104.300,127.5,127.500,100.7,104.300,104.200,106.000,106.000,107.400,104.200,104.300,106.100,4.94560
2005-03-01,111.000,123.800,123.800,103.100,111.000,8.93032,106.900,121.700,5.64236,121.700,109.5,108.600,183.900,6.60870,183.900,107.6,107.500,6.01578,108.000,6.40394,104.500,152.100,102.300,104.100,104.500,104.900,128.3,128.300,100.7,104.900,104.700,106.400,106.400,107.800,104.700,104.700,106.900,5.52813
2005-04-01,111.700,124.600,124.600,103.500,111.700,7.92271,107.500,122.500,5.96886,122.500,109.6,109.300,185.100,7.86713,185.100,107.8,108.100,6.50246,108.700,6.77800,104.800,152.700,102.500,104.500,104.800,105.600,128.9,128.900,104.7,105.600,105.700,107.500,107.500,108.400,105.700,105.500,107.600,5.90551
2005-05-01,110.400,123.100,123.100,103.300,110.500,5.74163,108.300,123.300,6.29310,123.300,112.1,110.500,187.100,8.08781,187.100,108.5,109.000,6.86275,109.200,6.64063,105.700,153.300,105.200,105.400,105.700,105.600,129.0,129.000,104.7,105.600,106.300,108.100,108.100,108.200,106.300,105.900,108.100,5.66960
2005-06-01,111.200,124.000,124.000,103.300,111.200,5.70342,108.400,123.300,5.65553,123.300,113.8,111.800,189.300,8.17143,189.300,109.3,109.500,6.51751,109.700,6.29845,105.800,153.400,104.700,105.400,105.800,107.300,131.2,131.200,104.7,107.300,106.300,108.100,108.100,109.200,106.300,106.600,108.700,5.53398
2005-07-01,112.000,124.900,124.900,106.000,112.100,5.25822,108.300,123.300,5.65553,123.300,113.9,113.300,191.900,8.17362,191.900,110.3,109.900,6.38916,110.300,6.26204,106.100,154.100,104.800,105.800,106.100,107.300,131.2,131.200,104.7,107.300,106.700,108.600,108.600,109.900,106.700,106.800,109.100,5.51257
2005-08-01,112.000,124.800,124.800,106.000,112.000,5.06567,108.600,123.600,5.37084,123.600,113.9,113.200,191.700,7.75717,191.700,110.4,110.100,6.17165,110.400,5.95010,106.400,154.500,105.200,106.100,106.400,107.600,131.5,131.500,104.7,107.600,107.900,109.700,109.700,112.200,107.900,107.400,109.400,5.49662
2005-09-01,113.600,126.700,126.700,106.600,113.600,6.06909,110.000,125.200,5.83263,125.200,114.5,114.600,194.200,7.82898,194.200,112.9,111.500,6.49475,111.800,6.37488,106.500,154.700,105.300,106.200,106.500,107.700,131.6,131.600,104.7,107.700,110.100,111.900,111.900,116.500,110.100,108.400,110.700,5.93301
2005-10-01,113.700,126.600,126.600,109.300,113.700,5.47310,111.300,126.700,6.29195,126.700,117.9,116.100,196.700,8.49421,196.700,116.2,112.900,7.01422,113.000,6.70444,107.700,157.000,105.300,107.400,107.700,109.500,134.0,134.000,104.7,109.500,112.300,114.100,114.100,116.800,112.300,110.200,112.100,6.76190
2005-11-01,111.700,124.400,124.400,109.700,111.800,3.51852,111.900,127.300,6.08333,127.300,117.9,115.300,195.300,6.72131,195.300,116.1,113.000,6.30292,112.800,5.81614,107.800,157.300,105.200,107.600,107.800,110.600,135.3,135.300,104.7,110.600,111.300,113.200,113.200,115.600,111.300,110.200,111.900,5.96591
2005-12-01,112.100,124.800,124.800,109.700,112.100,3.12787,111.000,126.400,5.86265,126.400,117.0,113.700,192.500,5.24877,192.500,115.0,111.900,5.66572,111.900,5.26811,107.100,155.800,105.200,106.800,107.100,110.800,135.8,135.800,103.0,110.800,110.200,112.000,112.000,114.400,110.200,109.700,111.200,5.40284
2006-01-01,112.300,125.000,125.000,110.800,112.300,2.65082,110.300,125.600,4.57952,125.600,117.0,114.700,194.200,6.12022,194.200,113.4,111.700,5.07996,111.800,4.68165,107.500,156.900,104.800,107.200,107.500,111.600,136.7,136.700,104.4,111.600,111.100,113.000,113.000,114.600,111.100,110.400,111.300,5.00000
2006-02-01,112.000,124.600,124.600,110.300,112.000,2.65811,110.400,125.600,3.88751,125.600,117.0,114.300,193.500,6.26030,193.500,112.4,111.600,4.69043,111.700,4.39252,107.700,157.300,104.800,107.400,107.700,110.800,135.9,135.900,101.3,110.800,111.000,112.900,112.900,115.000,111.000,110.100,111.200,4.80679
2006-03-01,113.700,126.600,126.600,110.800,113.700,2.43243,110.400,125.700,3.28677,125.700,117.0,115.400,195.500,6.30778,195.500,111.7,112.000,4.18605,112.300,3.98148,107.700,157.300,104.900,107.500,107.700,111.300,136.3,136.300,104.4,111.300,111.300,113.200,113.200,115.600,111.300,110.400,111.700,4.49018
2006-04-01,114.200,127.200,127.200,110.800,114.300,2.32766,110.800,126.100,2.93878,126.100,117.0,116.600,197.500,6.69908,197.500,114.8,112.700,4.25532,113.000,3.95584,107.900,157.700,104.900,107.700,107.900,112.200,137.3,137.300,105.8,112.200,111.900,113.700,113.700,116.100,111.900,111.000,112.300,4.36803
2006-05-01,115.300,128.400,128.400,110.800,115.300,4.34389,112.100,127.600,3.48743,127.600,120.8,119.200,202.000,7.96366,202.000,115.4,114.400,4.95413,114.600,4.94505,108.000,157.800,105.000,107.800,108.000,112.200,137.3,137.300,105.8,112.200,113.000,114.800,114.800,117.600,112.900,111.400,113.500,4.99537
2006-06-01,116.000,129.100,129.100,114.900,116.000,4.31655,112.400,128.000,3.81184,128.000,120.3,119.200,202.000,6.70893,202.000,116.7,114.700,4.74886,114.900,4.74020,108.500,158.800,105.100,108.300,108.500,112.200,137.3,137.300,105.8,112.200,113.300,115.200,115.200,119.600,113.300,111.700,113.800,4.69181
2006-07-01,116.500,129.600,129.600,115.300,116.500,3.92507,112.500,128.100,3.89294,128.100,120.3,119.500,202.400,5.47160,202.400,115.4,114.800,4.45860,115.100,4.35177,108.100,157.800,105.300,107.800,108.100,112.200,137.4,137.400,105.8,112.200,114.100,116.000,116.000,119.900,114.100,112.000,114.000,4.49129
2006-08-01,117.400,130.600,130.600,115.300,117.400,4.82143,113.200,128.800,4.20712,128.800,120.3,120.300,203.800,6.31195,203.800,114.5,115.500,4.90463,115.800,4.89130,108.200,158.200,105.400,108.000,108.200,112.500,137.7,137.700,105.8,112.500,114.900,116.800,116.800,120.300,114.900,112.400,114.700,4.84461
2006-09-01,117.400,130.700,130.700,115.300,117.400,3.34507,113.400,129.100,3.11502,129.100,120.3,119.700,202.700,4.37693,202.700,115.0,115.500,3.58744,115.800,3.57782,108.600,158.800,105.400,108.400,108.600,112.600,137.8,137.800,105.8,112.600,114.700,116.500,116.500,120.400,114.600,112.400,114.600,3.52304
2006-10-01,116.500,129.600,129.600,113.900,116.500,2.46262,113.000,128.600,1.49961,128.600,123.8,117.500,199.000,1.16929,199.000,113.2,114.500,1.41718,114.800,1.59292,108.500,158.800,105.300,108.400,108.500,113.400,138.8,138.800,105.8,113.300,112.600,114.500,114.500,117.200,112.600,111.900,113.800,1.51650
2006-11-01,116.100,129.200,129.200,113.900,116.100,3.84615,112.500,128.000,0.54988,128.000,123.8,117.600,199.300,2.04813,199.300,113.2,114.200,1.06195,114.500,1.50709,107.400,156.600,105.200,107.200,107.400,113.400,138.9,138.900,105.2,113.400,112.700,114.600,114.600,117.300,112.700,111.700,113.500,1.42985
2006-12-01,116.400,129.500,129.500,113.900,116.400,3.83586,112.300,127.800,1.10759,127.800,121.6,117.900,199.800,3.79221,199.800,113.1,114.100,1.96604,114.500,2.32350,106.100,153.800,105.200,105.700,106.100,113.500,139.1,139.100,105.2,113.500,113.200,115.100,115.100,117.400,113.200,111.600,113.500,2.06835
2007-01-01,116.300,129.000,129.000,116.800,116.300,3.56189,113.000,128.500,2.30892,128.500,122.8,117.100,198.400,2.16272,198.400,112.2,114.400,2.41719,114.700,2.59392,107.300,157.100,105.200,107.300,107.300,113.800,139.3,139.300,105.9,113.800,113.500,115.400,115.400,117.900,113.500,112.100,113.800,2.24618
2007-02-01,116.300,129.000,129.000,116.800,116.300,3.83929,112.500,128.000,1.91083,128.000,122.3,116.500,197.400,2.01550,197.400,110.9,113.800,1.97133,114.200,2.23814,108.600,160.500,106.100,109.200,108.600,113.800,139.4,139.400,105.9,113.800,113.000,115.000,115.000,117.000,113.000,112.200,113.500,2.06835
2007-03-01,118.100,131.300,131.300,116.800,118.100,3.86983,112.400,127.700,1.59109,127.700,124.4,117.800,199.700,2.14834,199.700,112.4,114.200,1.96429,114.900,2.31523,108.400,160.100,106.100,108.900,108.400,113.900,139.5,139.500,105.9,113.900,113.500,115.400,115.400,118.200,113.500,112.400,114.000,2.05909
2007-04-01,118.900,132.000,132.000,118.500,118.900,4.02450,112.900,128.300,1.74465,128.300,126.0,121.500,206.100,4.35443,206.100,114.1,115.600,2.57320,116.200,2.83186,108.500,160.500,106.000,109.100,108.500,113.800,139.4,139.400,105.9,113.800,114.000,115.800,115.800,119.300,114.000,112.600,115.000,2.40427
2007-05-01,119.800,133.000,133.000,120.200,119.900,3.98959,113.100,128.500,0.70533,128.500,125.5,122.400,207.500,2.72277,207.500,115.8,116.000,1.39860,116.700,1.83246,108.800,160.800,106.400,109.400,108.800,114.000,139.7,139.700,105.9,114.000,113.800,115.600,115.600,119.500,113.800,112.600,115.400,1.67401
2007-06-01,120.300,133.600,133.600,120.200,120.400,3.79310,112.800,128.200,0.15625,128.200,125.5,122.700,207.800,2.87129,207.800,118.6,116.000,1.13339,116.700,1.56658,108.700,160.300,106.600,109.200,108.700,114.400,140.1,140.100,105.9,114.400,114.000,115.800,115.800,119.400,114.000,112.800,115.500,1.49385
2007-07-01,120.400,133.700,133.700,120.200,120.400,3.34764,113.000,128.300,0.15613,128.300,125.5,121.700,205.900,1.72925,205.900,118.8,115.700,0.78397,116.600,1.30321,108.900,160.800,106.800,109.500,108.900,114.000,139.7,139.700,105.9,114.000,114.300,116.200,116.200,119.400,114.300,112.900,115.300,1.14035
2007-08-01,120.400,133.700,133.700,120.200,120.400,2.55537,113.300,128.700,-0.07764,128.700,125.6,121.200,205.100,0.63788,205.100,118.8,115.800,0.25974,116.600,0.69085,108.900,160.800,106.800,109.500,108.900,114.100,139.7,139.700,105.9,114.100,114.900,116.800,116.800,119.700,114.900,113.100,115.500,0.69747
2007-09-01,119.300,133.200,133.200,114.200,119.400,1.70358,113.800,129.000,-0.07746,129.000,132.9,120.900,204.500,0.88801,204.500,118.5,116.100,0.51948,116.600,0.69085,109.100,161.300,106.700,109.700,109.100,114.300,140.0,140.000,105.9,114.300,115.100,117.000,117.000,119.900,115.100,113.300,115.500,0.78534
2007-10-01,120.100,134.200,134.200,114.200,120.100,3.09013,114.000,129.300,0.54432,129.300,133.0,122.000,206.300,3.66834,206.300,120.3,116.600,1.83406,117.200,2.09059,109.100,161.300,106.700,109.700,109.100,114.600,140.4,140.400,106.7,114.600,116.400,118.100,118.100,123.900,116.400,113.900,116.100,2.02109
2007-11-01,121.000,135.300,135.300,114.800,121.000,4.22050,115.100,130.400,1.87500,130.400,135.0,123.700,208.800,4.76668,208.800,125.3,117.800,3.15236,118.400,3.40611,109.200,161.400,106.700,109.800,109.200,114.800,140.6,140.600,106.7,114.800,117.400,119.200,119.200,124.100,117.400,114.300,117.100,3.17181
2007-12-01,123.600,138.500,138.500,114.800,123.600,6.18557,115.800,131.300,2.73865,131.300,134.9,124.000,209.200,4.70470,209.200,125.7,118.400,3.76862,119.300,4.19214,109.600,162.300,106.800,110.200,109.600,114.900,140.8,140.800,106.7,114.900,117.900,119.900,119.900,121.700,117.900,114.600,117.800,3.78855
2008-01-01,124.500,139.700,139.700,115.000,124.500,7.05073,116.000,131.400,2.25681,131.400,135.1,123.500,208.500,5.09073,208.500,124.8,118.400,3.49650,119.500,4.18483,110.400,164.900,106.800,111.400,110.400,122.600,151.0,151.000,107.0,122.600,118.600,120.700,120.700,122.600,118.600,118.200,119.000,4.56942
2008-02-01,124.400,139.500,139.500,115.000,124.400,6.96475,115.900,131.300,2.57813,131.300,135.3,124.900,210.900,6.83891,210.900,125.5,118.700,4.30580,119.700,4.81611,110.400,164.900,106.800,111.400,110.400,123.800,152.6,152.600,107.0,123.800,118.500,120.500,120.500,122.500,118.500,118.700,119.300,5.11013
2008-03-01,127.400,141.900,141.900,124.800,127.500,7.95936,116.500,132.000,3.36727,132.000,138.0,127.800,215.800,8.06209,215.800,128.8,120.100,5.16637,121.400,5.65709,110.000,163.800,106.900,110.900,110.000,125.800,155.3,155.300,107.0,125.800,121.800,123.900,123.900,124.700,121.800,120.600,121.000,6.14035
2008-04-01,128.800,143.600,143.600,124.800,128.800,8.32632,117.800,133.300,3.89712,133.300,141.2,130.100,219.700,6.59874,219.700,130.1,121.700,5.27682,122.900,5.76592,111.100,166.800,106.900,112.400,111.100,125.900,155.3,155.300,107.0,125.900,123.400,125.700,125.700,125.900,123.400,121.400,122.400,6.43478
2008-05-01,132.600,148.300,148.300,124.800,132.600,10.59216,120.500,136.400,6.14786,136.400,144.3,131.000,221.300,6.65060,221.300,130.8,123.800,6.72414,125.400,7.45501,111.500,167.900,106.900,112.900,111.500,127.200,157.1,157.100,107.0,127.200,125.000,127.300,127.300,127.900,125.000,122.700,124.500,7.88562
2008-06-01,134.200,150.300,150.300,124.800,134.200,11.46179,123.000,139.000,8.42434,139.000,152.0,133.300,225.400,8.46968,225.400,132.2,126.300,8.87931,127.700,9.42588,112.100,168.500,106.900,113.200,112.100,127.700,157.8,157.800,107.0,127.700,128.700,130.800,130.800,134.200,128.700,124.300,126.600,9.61039
2008-07-01,135.600,151.700,151.700,127.300,135.600,12.62458,124.000,139.900,9.04131,139.900,155.7,132.200,223.300,8.45070,223.300,132.3,126.600,9.42092,128.200,9.94854,113.200,170.900,108.200,114.700,113.200,128.400,158.7,158.700,107.0,128.400,129.100,131.200,131.200,134.600,129.100,125.000,127.100,10.23417
2008-08-01,134.000,149.800,149.800,127.300,134.000,11.29568,124.000,140.200,8.93551,140.200,151.8,130.700,220.600,7.55729,220.600,131.9,126.200,8.98100,127.600,9.43396,113.400,171.500,108.400,115.000,113.500,128.600,159.0,159.000,107.0,128.600,127.500,129.500,129.500,133.400,127.500,124.500,126.600,9.61039
2008-09-01,133.100,148.600,148.600,127.300,133.100,11.47404,121.800,137.600,6.66667,137.600,148.9,129.400,218.400,6.79707,218.400,131.1,124.200,6.97674,125.800,7.89022,114.600,174.700,108.900,116.700,114.600,128.700,159.1,159.100,107.0,128.700,126.600,128.700,128.700,131.300,126.600,124.500,125.300,8.48485
2008-10-01,131.400,146.500,146.500,127.300,131.400,9.40883,121.300,137.400,6.26450,137.400,141.1,126.800,213.800,3.63548,213.800,130.3,123.100,5.57461,124.600,6.31399,114.100,173.400,108.900,116.100,114.100,128.600,159.0,159.000,107.0,128.600,124.500,127.100,127.100,123.700,124.500,123.700,124.200,6.97674
2008-11-01,129.500,144.100,144.100,127.300,129.500,7.02479,117.800,133.800,2.60736,133.800,131.3,123.500,208.100,-0.33525,208.100,128.2,119.700,1.61290,121.500,2.61824,113.300,171.500,108.900,115.200,113.300,127.200,157.1,157.100,107.0,127.200,120.900,123.400,123.400,120.900,120.900,121.600,121.400,3.67208
2008-12-01,127.200,141.100,141.100,127.300,127.200,2.91262,115.100,130.400,-0.68545,130.400,134.3,121.200,204.100,-2.43786,204.100,126.7,117.100,-1.09797,118.900,-0.33529,112.700,170.300,108.900,114.600,112.700,125.600,155.0,155.000,,125.600,118.100,120.800,120.800,115.000,118.100,119.800,119.100,1.10357
2009-01-01,124.700,138.200,138.200,125.800,124.700,0.16064,113.200,128.300,-2.35921,128.300,132.0,126.300,213.400,2.35012,213.400,125.9,117.300,-0.92905,118.600,-0.75314,112.800,170.800,108.700,114.800,112.800,125.300,154.5,154.500,,125.300,115.100,117.400,117.400,,115.100,118.700,118.500,-0.42017
2009-02-01,124.500,138.000,138.000,125.800,124.500,0.08039,112.100,127.100,-3.19878,127.100,131.5,126.600,213.800,1.37506,213.800,127.3,116.600,-1.76917,118.100,-1.33668,112.700,170.400,108.700,114.600,112.700,122.800,150.3,150.300,115.1,122.800,114.500,116.700,116.700,115.000,114.500,117.400,117.700,-1.34116
2009-03-01,123.700,137.000,137.000,125.800,123.700,-2.98039,110.400,125.100,-5.22727,125.100,129.9,125.400,211.700,-1.89991,211.700,126.9,115.100,-4.16320,116.700,-3.87150,112.600,170.300,108.800,114.600,112.600,118.000,144.6,144.600,110.5,118.000,113.300,115.500,115.500,114.200,113.300,115.000,116.100,-4.04959
2009-04-01,123.800,137.100,137.100,125.800,123.800,-3.88199,109.700,124.200,-6.82671,124.200,130.6,125.700,212.300,-3.36823,212.300,127.1,114.700,-5.75185,116.300,-5.37022,112.600,170.200,108.800,114.500,112.600,123.500,151.4,151.400,113.6,123.500,113.700,115.900,115.900,114.400,113.700,117.400,116.500,-4.82026
2009-05-01,125.500,139.200,139.200,125.800,125.500,-5.35445,109.800,124.200,-8.94428,124.200,131.2,126.000,212.600,-3.93131,212.600,127.9,114.800,-7.26979,116.700,-6.93780,112.700,170.500,108.800,114.600,112.700,123.900,151.6,151.600,118.0,123.900,112.000,114.000,114.000,114.700,112.000,117.000,116.700,-6.26506
2009-06-01,127.000,141.000,141.000,127.200,127.000,-5.36513,110.100,124.600,-10.35971,124.600,132.5,125.300,211.300,-6.25555,211.300,128.0,114.800,-9.10530,117.000,-8.37901,112.700,170.500,108.800,114.600,112.700,125.200,152.2,152.200,128.0,125.200,112.500,114.600,114.600,115.000,112.500,117.700,117.100,-7.50395
2009-07-01,126.500,140.300,140.300,127.200,126.500,-6.71091,111.400,126.100,-9.86419,126.100,133.0,125.900,212.500,-4.83654,212.500,128.2,115.900,-8.45182,117.800,-8.11232,112.400,170.400,108.100,114.300,112.500,124.200,151.6,151.600,120.9,124.200,113.100,115.200,115.200,115.400,113.100,117.400,117.600,-7.47443
2009-08-01,126.700,140.500,140.500,127.200,126.700,-5.44776,111.000,125.600,-10.41369,125.600,133.2,126.100,212.800,-3.53581,212.800,128.2,115.700,-8.32013,117.700,-7.75862,112.400,170.400,108.000,114.300,112.400,125.100,152.5,152.500,124.4,125.100,112.100,114.100,114.100,115.300,112.100,117.500,117.500,-7.18799
2009-09-01,126.700,140.500,140.500,127.200,126.700,-4.80841,111.700,126.400,-8.13953,126.400,133.5,125.400,211.500,-3.15934,211.500,128.2,115.900,-6.68277,117.900,-6.27981,112.600,170.800,108.000,114.500,112.600,125.400,153.0,153.000,123.9,125.400,112.600,114.600,114.600,116.000,112.600,117.800,117.800,-5.98563
2009-10-01,127.500,141.600,141.600,127.200,127.500,-2.96804,110.800,125.400,-8.73362,125.400,133.2,125.000,210.800,-1.40318,210.800,128.2,115.200,-6.41755,117.500,-5.69823,113.100,172.400,108.000,115.200,113.100,124.900,152.4,152.400,121.7,124.900,112.800,114.800,114.800,116.000,112.800,117.700,117.400,-5.47504
2009-11-01,128.000,142.200,142.200,127.400,128.000,-1.15830,111.500,126.100,-5.75486,126.100,133.5,125.400,211.500,1.63383,211.500,128.5,115.800,-3.25815,118.100,-2.79835,113.000,172.100,108.000,115.000,113.100,124.000,151.3,151.300,,124.000,113.300,115.300,115.300,116.200,113.300,117.500,117.800,-2.96540
2009-12-01,127.700,141.800,141.800,127.300,127.700,0.39308,110.900,125.500,-3.75767,125.500,133.4,123.400,207.900,1.86183,207.900,127.6,114.800,-1.96413,117.200,-1.42977,113.300,172.700,108.200,115.400,113.400,124.400,151.8,151.800,121.7,124.300,113.300,115.300,115.300,116.000,113.300,117.800,117.200,-1.59530
2010-01-01,127.300,141.300,141.300,127.300,127.300,2.08500,110.800,125.300,-2.33827,125.300,133.4,122.200,205.800,-3.56139,205.800,127.2,114.300,-2.55754,116.700,-1.60202,114.400,175.400,108.200,116.500,114.400,126.300,154.3,154.300,121.9,126.300,113.900,116.000,116.000,116.400,113.900,119.000,117.300,-1.01266
2010-02-01,127.600,141.600,141.600,127.400,127.600,2.48996,111.000,125.600,-1.18017,125.600,133.7,123.500,208.200,-2.61927,208.200,127.7,114.900,-1.45798,117.200,-0.76207,114.300,175.000,108.200,116.400,114.300,125.400,153.1,153.100,121.9,125.400,114.100,116.200,116.200,116.400,114.100,118.700,117.600,-0.08496
2010-03-01,127.300,141.300,141.300,127.400,127.300,2.91027,111.900,126.700,1.27898,126.700,133.6,125.900,212.300,0.28342,212.300,128.6,116.300,1.04257,118.300,1.37104,114.500,175.600,108.200,116.600,114.500,126.000,153.9,153.900,121.9,126.000,114.800,117.000,117.000,116.700,114.800,119.300,118.500,2.06718
2010-04-01,127.300,141.300,141.300,127.400,127.300,2.82714,112.200,127.000,2.25443,127.000,134.3,127.000,214.100,0.84786,214.100,131.3,116.800,1.83086,118.700,2.06363,114.700,176.300,108.200,116.900,114.700,126.800,155.0,155.000,121.9,126.800,115.200,117.300,117.300,117.600,115.200,119.800,118.900,2.06009
2010-05-01,127.300,141.300,141.300,127.400,127.400,1.51394,113.200,128.100,3.14010,128.100,134.7,127.100,214.200,0.75259,214.200,131.4,117.500,2.35192,119.300,2.22793,114.600,175.900,108.200,116.800,114.600,127.800,156.3,156.300,121.9,127.800,115.900,117.700,117.700,122.400,115.900,120.400,119.500,2.39931
2010-06-01,127.400,141.300,141.300,127.600,127.400,0.31496,113.500,128.600,3.21027,128.600,134.7,126.400,212.900,0.75722,212.900,131.2,117.500,2.35192,119.300,1.96581,115.300,176.800,108.200,117.100,115.300,126.700,154.8,154.800,121.9,126.700,115.900,117.700,117.700,122.500,115.800,120.100,119.400,1.96413
2010-07-01,127.400,141.300,141.300,127.500,127.400,0.71146,113.400,128.300,1.74465,128.300,137.4,126.300,212.800,0.14118,212.800,131.5,117.400,1.29422,119.300,1.27334,114.800,175.900,107.800,116.600,114.800,125.800,153.7,153.700,121.9,125.800,116.300,118.100,118.100,122.500,116.300,119.800,119.300,1.44558
2010-08-01,126.900,140.800,140.800,127.500,126.900,0.15785,113.700,128.700,2.46815,128.700,137.3,126.400,213.200,0.18797,213.200,130.1,117.700,1.72861,119.400,1.44435,115.000,175.900,108.900,117.000,115.000,126.000,153.9,153.900,121.9,126.000,116.500,118.400,118.400,122.500,116.500,120.000,119.400,1.61702
2010-09-01,126.900,140.800,140.800,127.400,126.900,0.15785,113.800,128.800,1.89873,128.800,137.1,126.800,213.400,0.89835,213.400,134.4,117.900,1.72563,119.500,1.35708,114.700,175.500,109.000,116.900,114.800,126.200,154.1,154.100,121.8,126.100,116.600,118.500,118.500,121.800,116.600,120.000,119.600,1.52801
2010-10-01,126.900,140.800,140.800,127.500,126.900,-0.47059,114.400,129.400,3.18979,129.400,137.3,127.800,215.200,2.08729,215.200,134.8,118.600,2.95139,120.100,2.21277,114.300,175.500,106.700,116.100,114.300,127.200,155.5,155.500,121.9,127.200,116.800,118.700,118.700,123.100,116.800,120.400,120.100,2.29983
2010-11-01,126.900,140.800,140.800,127.500,126.900,-0.85938,115.800,131.000,3.88580,131.000,137.7,131.500,221.700,4.82270,221.700,135.9,120.600,4.14508,121.800,3.13294,114.700,176.300,107.200,116.600,114.700,127.100,155.4,155.400,121.9,127.100,116.900,118.700,118.700,123.200,116.900,120.500,121.300,2.97114
2010-12-01,126.900,140.800,140.800,127.500,126.900,-0.62647,116.100,131.500,4.78088,131.500,137.9,131.000,220.900,6.25301,220.900,134.5,120.700,5.13937,121.900,4.01024,114.900,176.600,107.800,116.900,114.900,127.200,155.5,155.500,121.9,127.200,117.100,119.000,119.000,123.300,117.100,120.700,121.400,3.58362
2011-01-01,128.700,143.000,143.000,127.700,128.700,1.09976,116.500,132.000,5.34717,132.000,138.2,131.800,222.000,7.87172,222.000,136.7,121.300,6.12423,122.600,5.05570,116.500,179.200,107.900,118.100,116.500,128.000,156.5,156.500,122.1,128.000,118.300,120.000,120.000,126.000,118.300,121.800,122.200,4.17732
2011-02-01,130.500,145.100,145.100,128.100,130.400,2.19436,117.400,133.000,5.89172,133.000,137.7,134.100,226.300,8.69356,226.300,136.3,122.600,6.70148,124.000,5.80205,119.900,189.900,108.300,122.800,119.900,129.100,157.9,157.900,122.5,129.100,119.200,121.100,121.100,126.200,119.200,123.400,123.700,5.18707
2011-03-01,130.400,145.000,145.000,128.600,130.400,2.43519,119.300,135.100,6.62983,135.100,141.0,134.100,226.100,6.50024,226.100,138.4,123.900,6.53482,125.100,5.74810,121.700,193.300,109.300,124.700,121.700,131.400,161.0,161.000,122.7,131.400,121.000,123.000,123.000,126.500,121.000,125.400,125.100,5.56962
2011-04-01,130.600,145.000,145.000,130.600,130.600,2.59230,121.000,137.100,7.95276,137.100,142.2,137.100,231.400,8.08034,231.400,139.6,126.000,7.87671,126.800,6.82393,123.500,194.300,109.400,125.200,123.500,132.300,162.0,162.000,124.6,132.300,122.300,124.100,124.100,129.400,122.200,126.600,126.600,6.47603
2011-05-01,130.500,145.000,145.000,129.700,130.500,2.43328,121.700,137.900,7.65027,137.900,142.4,139.100,234.800,9.61718,234.800,140.0,127.100,8.17021,127.700,7.04107,123.900,195.300,109.500,125.600,123.900,133.000,163.1,163.100,122.8,133.000,122.500,124.500,124.500,128.600,122.500,127.100,127.400,6.61088
2011-06-01,130.500,145.000,145.000,129.700,130.500,2.43328,121.400,137.600,6.99844,137.600,142.3,137.300,231.700,8.83044,231.700,139.4,126.400,7.57447,127.100,6.53814,124.800,194.300,113.700,126.800,124.800,132.100,161.9,161.900,122.8,132.100,122.100,124.000,124.000,128.500,122.100,126.700,126.900,6.28141
2011-07-01,130.500,145.000,145.000,129.500,130.500,2.43328,121.300,137.400,7.09275,137.400,142.2,137.500,232.100,9.06955,232.100,138.0,126.300,7.58092,127.000,6.45432,124.400,195.900,112.300,127.000,124.400,131.800,161.5,161.500,122.5,131.800,121.800,123.800,123.800,127.800,121.800,126.500,126.700,6.20285
2011-08-01,130.500,145.000,145.000,129.500,130.500,2.83688,121.200,137.300,6.68221,137.300,142.2,138.300,233.600,9.56848,233.600,137.9,126.400,7.39167,127.200,6.53266,123.900,195.000,112.100,126.500,123.900,131.300,160.8,160.800,122.6,131.300,121.800,123.800,123.800,128.200,121.800,126.100,126.700,6.11390
2011-09-01,130.600,145.000,145.000,130.200,130.600,2.91568,122.000,138.200,7.29814,138.200,142.3,140.100,236.300,10.73102,236.300,142.9,127.600,8.22731,128.100,7.19665,124.500,195.800,112.300,126.900,124.500,131.800,161.5,161.500,122.6,131.800,121.800,123.700,123.700,127.800,121.800,126.500,127.500,6.60535
2011-10-01,130.600,145.000,145.000,130.300,130.600,2.91568,122.000,138.200,6.80062,138.200,142.1,140.900,237.500,10.36245,237.500,145.0,127.800,7.75717,128.300,6.82764,124.100,195.100,112.100,126.500,124.100,131.400,161.1,161.100,122.3,131.400,121.700,123.600,123.600,127.700,121.700,126.200,127.500,6.16153
2011-11-01,130.600,145.000,145.000,130.800,130.600,2.91568,123.200,139.700,6.64122,139.700,142.5,141.000,237.800,7.26207,237.800,143.5,128.700,6.71642,129.000,5.91133,123.800,194.400,111.900,126.200,123.800,131.800,161.5,161.500,123.0,131.800,121.900,123.900,123.900,128.000,121.900,126.400,128.100,5.60594
2011-12-01,131.700,146.300,146.300,130.800,131.700,3.78251,123.300,139.700,6.23574,139.700,142.8,140.600,237.300,7.42417,237.300,142.8,128.600,6.54515,129.100,5.90648,123.900,194.700,112.100,126.300,123.900,131.500,161.1,161.100,122.8,131.500,122.000,123.900,123.900,128.200,122.000,126.300,128.200,5.60132
2012-01-01,132.100,146.800,146.800,131.200,132.100,2.64180,124.000,140.700,6.59091,140.700,142.9,141.400,238.600,7.47748,238.600,143.4,129.400,6.67766,129.900,5.95432,124.200,196.100,112.200,126.800,124.200,131.900,161.5,161.500,123.5,131.900,122.000,123.900,123.900,128.400,122.000,126.500,128.700,5.31915
2012-02-01,132.200,146.800,146.800,131.400,132.100,1.30368,124.600,141.500,6.39098,141.500,143.0,141.700,239.100,5.65621,239.100,143.4,129.900,5.95432,130.300,5.08065,124.000,196.100,111.900,126.600,124.000,132.500,162.4,162.400,123.5,132.500,122.000,123.800,123.800,128.600,122.000,126.700,129.100,4.36540
2012-03-01,132.400,146.800,146.800,132.400,132.400,1.53374,126.200,143.400,6.14360,143.400,143.8,144.900,244.600,8.18222,244.600,144.8,132.000,6.53753,132.000,5.51559,124.100,196.300,112.000,126.700,124.100,133.700,163.9,163.900,123.9,133.700,122.700,124.400,124.400,129.300,122.700,127.500,130.500,4.31655
2012-04-01,132.500,146.800,146.800,132.700,132.500,1.45482,126.700,143.900,4.95988,143.900,144.6,145.500,245.900,6.26621,245.900,143.8,132.500,5.15873,132.400,4.41640,124.600,197.800,112.300,127.300,124.600,133.900,164.1,164.100,124.0,133.900,123.000,125.000,125.000,129.400,123.000,127.800,130.900,3.39652
2012-05-01,132.500,146.800,146.800,132.700,132.500,1.53257,127.000,144.400,4.71356,144.400,144.5,144.200,243.300,3.62010,243.300,147.1,132.300,4.09127,132.300,3.60219,124.600,197.900,112.300,127.400,124.600,133.600,163.7,163.700,124.0,133.600,123.100,125.000,125.000,129.300,123.100,127.700,130.800,2.66876
2012-06-01,132.200,146.400,146.400,132.700,132.200,1.30268,125.800,142.900,3.85174,142.900,143.7,143.700,242.500,4.66120,242.500,144.5,131.300,3.87658,131.400,3.38316,124.700,197.900,112.700,127.600,124.800,132.500,162.3,162.300,123.9,132.500,122.700,124.700,124.700,128.700,122.700,127.100,130.000,2.44287
2012-07-01,132.200,146.400,146.400,132.700,132.200,1.30268,125.600,142.100,3.42067,142.100,147.4,145.000,245.100,5.60103,245.100,142.3,131.600,4.19636,131.600,3.62205,124.100,196.100,112.400,126.900,124.200,131.700,161.3,161.300,123.7,131.700,122.700,124.500,124.500,129.500,122.700,126.700,130.000,2.60458
2012-08-01,132.200,146.400,146.400,132.700,132.200,1.30268,126.800,143.800,4.73416,143.800,146.6,147.400,249.000,6.59247,249.000,146.6,133.100,5.30063,132.900,4.48113,124.200,195.700,112.400,126.800,124.200,133.300,163.4,163.400,123.9,133.300,123.100,124.800,124.800,130.100,123.100,127.500,131.200,3.55170
2012-09-01,132.200,146.400,146.400,132.800,132.200,1.22511,127.400,144.300,4.41389,144.300,149.0,149.900,253.100,7.10961,253.100,149.6,134.300,5.25078,133.900,4.52771,124.300,196.200,112.400,127.000,124.300,134.900,165.1,165.100,127.1,134.900,123.500,125.200,125.200,130.300,123.500,128.300,132.100,3.60784
2012-10-01,132.200,146.400,146.400,132.800,132.200,1.22511,127.200,143.900,4.12446,143.900,149.1,150.100,253.200,6.61053,253.200,153.6,134.200,5.00782,133.800,4.28683,124.600,197.900,112.400,127.400,124.600,135.900,166.4,166.400,127.5,135.900,123.500,125.200,125.200,130.400,123.500,128.800,132.200,3.68627
2012-11-01,135.500,151.100,151.100,132.800,135.500,3.75191,126.900,143.400,2.64853,143.400,149.8,149.500,252.600,6.22372,252.600,147.2,133.800,3.96270,134.100,3.95349,124.900,197.800,112.900,127.700,124.900,133.900,163.7,163.700,127.5,133.900,123.400,125.100,125.100,130.400,123.400,128.000,132.100,3.12256
2012-12-01,135.500,151.100,151.100,132.900,135.500,2.88535,127.000,143.600,2.79170,143.600,149.2,150.300,253.700,6.91108,253.700,152.2,134.100,4.27683,134.300,4.02789,124.500,197.800,112.300,127.300,124.500,133.400,163.0,163.000,127.5,133.400,123.400,125.100,125.100,130.300,123.400,127.700,132.200,3.12012
2013-01-01,134.900,150.400,150.400,132.400,134.900,2.11961,126.700,143.300,1.84790,143.300,149.2,148.700,251.000,5.19698,251.000,149.7,133.500,3.16847,133.700,2.92533,125.200,197.800,113.600,128.200,125.300,133.500,163.2,163.200,127.4,133.500,123.300,125.000,125.000,130.200,123.300,127.900,131.800,2.40870
2013-02-01,134.900,150.400,150.400,132.600,134.900,2.11961,127.200,143.500,1.41343,143.500,151.7,149.900,253.000,5.81347,253.000,,134.100,3.23326,134.200,2.99309,125.400,197.800,113.800,128.300,125.400,134.800,164.9,164.900,127.5,134.800,123.400,124.900,124.900,130.700,123.400,128.500,132.400,2.55616
2013-03-01,135.000,150.400,150.400,132.800,135.000,1.96375,128.000,144.500,0.76709,144.500,151.7,151.000,255.000,4.25184,255.000,,135.000,2.27273,135.000,2.27273,124.700,193.800,114.200,127.500,124.700,135.200,165.4,165.400,127.6,135.100,123.500,125.100,125.100,130.800,123.500,128.500,132.900,1.83908
2013-04-01,135.000,150.400,150.400,132.700,135.000,1.88679,127.500,144.000,0.06949,144.000,151.3,148.800,251.100,2.11468,251.100,150.2,134.000,1.13208,134.200,1.35952,124.700,193.800,114.200,127.500,124.700,134.600,164.6,164.600,127.4,134.600,123.200,124.800,124.800,130.500,123.200,128.200,132.200,0.99312
2013-05-01,135.000,150.400,150.400,132.700,135.000,1.88679,127.800,144.400,0.00000,144.400,151.0,148.100,250.100,2.79490,250.100,,134.000,1.28496,134.100,1.36054,124.700,193.800,114.200,127.500,124.700,134.400,164.4,164.400,127.4,134.400,123.200,124.900,124.900,130.200,123.200,128.100,132.200,1.07034
2013-06-01,135.000,150.400,150.400,133.000,135.000,2.11800,127.600,144.100,0.83975,144.100,151.4,151.200,255.600,5.40206,255.600,,134.900,2.74181,134.800,2.58752,124.800,194.300,114.200,127.700,124.800,135.400,165.7,165.700,127.5,135.400,123.100,124.700,124.700,130.500,123.100,128.500,132.800,2.15385
2013-07-01,135.000,150.400,150.400,132.900,135.000,2.11800,127.600,144.100,1.40746,144.100,151.3,150.700,254.400,3.79437,254.400,,134.700,2.35562,134.700,2.35562,124.800,194.300,114.200,127.700,124.800,135.100,165.4,165.400,126.6,135.100,123.200,124.700,124.700,130.500,123.200,128.400,132.700,2.07692
2013-08-01,135.100,150.400,150.400,133.100,135.000,2.11800,127.600,144.100,0.20862,144.100,151.7,151.700,256.000,2.81124,256.000,,135.000,1.42750,135.000,1.58014,125.000,194.300,115.000,127.900,125.000,135.200,165.6,165.600,126.6,135.200,123.300,124.900,124.900,130.600,123.300,128.500,132.900,1.29573
2013-09-01,135.100,150.400,150.400,133.100,135.100,2.19365,127.100,143.400,-0.62370,143.400,151.8,152.400,257.300,1.65942,257.300,,134.800,0.37230,134.800,0.67214,125.100,194.400,114.900,127.900,125.100,136.100,166.8,166.800,126.6,136.100,123.500,124.900,124.900,131.100,123.500,129.000,132.900,0.60560
2013-10-01,135.100,150.400,150.400,133.200,135.100,2.19365,127.200,143.400,-0.34746,143.400,152.0,153.000,258.500,2.09321,258.500,,135.100,0.67064,135.000,0.89686,125.000,194.400,114.800,127.900,125.000,135.900,166.4,166.400,127.1,135.900,123.400,124.800,124.800,131.100,123.400,128.800,133.000,0.60514
2013-11-01,135.100,150.400,150.400,133.200,135.100,-0.29520,127.600,144.000,0.41841,144.000,151.6,152.300,257.300,1.86065,257.300,,135.100,0.97160,135.100,0.74571,124.500,193.200,114.800,127.400,124.500,135.600,166.1,166.100,127.1,135.600,123.600,125.100,125.100,131.000,123.600,128.700,133.000,0.68130
2013-12-01,135.100,150.400,150.400,133.300,135.100,-0.29520,127.400,143.800,0.13928,143.800,151.5,154.400,260.400,2.64091,260.400,158.0,135.600,1.11857,135.500,0.89352,124.500,193.200,114.800,127.400,124.500,135.600,166.1,166.100,127.1,135.600,123.800,125.200,125.200,131.200,123.800,128.800,133.300,0.83207
2014-01-01,135.100,150.400,150.400,133.300,135.100,0.14826,127.900,144.400,0.76762,144.400,151.8,153.800,259.100,3.22709,259.100,161.3,135.800,1.72285,135.600,1.42109,125.200,193.200,115.100,127.400,125.200,135.800,166.3,166.300,127.2,135.800,123.800,125.200,125.200,131.400,123.800,129.000,133.500,1.28983
2014-02-01,135.100,150.400,150.400,133.300,135.100,0.14826,128.200,145.200,1.18467,145.200,149.2,153.400,258.500,2.17391,258.500,159.8,135.900,1.34228,135.700,1.11773,125.400,193.800,115.100,127.700,125.500,135.700,166.2,166.200,127.2,135.700,123.900,125.300,125.300,131.500,123.900,129.000,133.500,0.83082
2014-03-01,135.100,150.400,150.400,133.400,135.100,0.07407,128.700,145.700,0.83045,145.700,150.0,154.500,260.500,2.15686,260.500,159.9,136.600,1.18519,136.300,0.96296,125.200,193.400,114.900,127.500,125.300,136.200,166.7,166.700,127.9,136.200,124.000,125.400,125.400,131.700,124.000,129.200,134.000,0.82769
2014-04-01,135.200,150.400,150.400,133.600,135.200,0.14815,129.500,146.800,1.94444,146.800,149.8,158.500,267.800,6.65074,267.800,157.2,138.300,3.20896,137.700,2.60805,126.200,195.800,114.900,128.600,126.200,136.100,166.6,166.600,128.2,136.100,124.000,125.400,125.400,131.500,124.000,129.400,135.000,2.11800
2014-05-01,135.200,150.400,150.400,133.700,135.200,0.14815,130.600,148.100,2.56233,148.100,151.3,158.900,268.600,7.39704,268.600,154.1,139.200,3.88060,138.400,3.20656,127.300,198.500,114.900,129.900,127.300,136.600,167.3,167.300,128.3,136.600,124.200,125.700,125.700,131.700,124.200,129.900,135.700,2.64750
2014-06-01,135.200,150.400,150.400,133.800,135.200,0.14815,130.800,148.400,2.98404,148.400,151.3,158.800,268.400,5.00782,268.400,156.6,139.400,3.33580,138.600,2.81899,128.300,201.100,114.900,131.100,128.300,136.000,166.4,166.400,128.3,136.000,124.100,125.600,125.600,131.500,124.100,129.800,135.800,2.25904
2014-07-01,135.200,150.400,150.400,133.800,135.200,0.14815,130.300,148.200,2.84525,148.200,148.0,160.500,271.200,6.60377,271.200,158.3,139.500,3.56347,138.700,2.96956,128.600,201.700,114.900,131.400,128.600,135.800,166.1,166.100,128.4,135.800,124.000,125.600,125.600,131.400,124.000,129.800,135.800,2.33610
2014-08-01,135.200,150.400,150.400,133.800,135.200,0.14815,130.400,148.300,2.91464,148.300,148.0,160.900,271.900,6.21094,271.900,158.0,139.700,3.48148,138.800,2.81481,128.500,201.600,114.900,131.300,128.600,135.300,165.4,165.400,128.4,135.300,123.900,125.400,125.400,131.300,123.900,129.500,135.800,2.18209
2014-09-01,135.200,150.400,150.400,133.700,135.200,0.07402,130.400,148.300,3.41702,148.300,148.4,158.000,266.800,3.69219,266.800,157.3,138.800,2.96736,138.100,2.44807,126.600,196.900,114.900,129.100,126.700,135.900,166.2,166.200,128.3,135.800,123.900,125.400,125.400,131.300,123.900,129.300,135.300,1.80587
2014-10-01,135.200,150.400,150.400,133.600,135.200,0.07402,129.700,147.400,2.78940,147.400,147.9,157.300,265.500,2.70793,265.500,157.2,138.100,2.22058,137.500,1.85185,126.300,195.900,114.900,128.700,126.300,135.100,165.2,165.200,128.6,135.100,123.800,125.300,125.300,131.100,123.800,128.900,134.800,1.35338
2014-11-01,135.200,150.400,150.400,133.600,135.200,0.07402,129.800,147.700,2.56944,147.700,147.3,156.800,264.800,2.91489,264.800,157.2,138.100,2.22058,137.500,1.77646,126.300,195.900,114.900,128.700,126.300,134.600,164.5,164.500,128.6,134.600,123.700,125.300,125.300,130.900,123.700,128.700,134.700,1.27820
2014-12-01,135.200,150.400,150.400,133.600,135.200,0.07402,128.900,146.400,1.80807,146.400,147.2,158.800,268.200,2.99539,268.200,157.2,138.000,1.76991,137.400,1.40221,126.700,195.900,116.700,129.200,126.800,133.800,163.4,163.400,128.6,133.800,123.500,125.000,125.000,130.800,123.500,128.400,134.500,0.90023
2015-01-01,135.200,150.400,150.400,133.500,135.200,0.07402,126.700,144.000,-0.27701,144.000,144.4,157.000,265.500,2.47009,265.500,152.6,135.900,0.07364,135.700,0.07375,126.600,195.500,116.900,129.100,126.600,131.700,160.6,160.600,127.9,131.700,122.400,123.900,123.900,129.800,122.400,127.000,133.000,-0.37453
2015-02-01,134.800,150.000,150.000,133.100,134.800,-0.22206,126.000,143.100,-1.44628,143.100,144.2,154.500,261.100,1.00580,261.100,151.2,134.700,-0.88300,134.700,-0.73692,126.300,194.500,117.100,128.700,126.300,131.500,160.4,160.400,127.7,131.500,122.000,123.400,123.400,129.300,122.000,126.700,132.100,-1.04869
2015-03-01,135.200,150.600,150.600,133.200,135.200,0.07402,126.000,143.300,-1.64722,143.300,143.4,156.100,263.700,1.22841,263.700,154.0,135.200,-1.02489,135.100,-0.88041,126.400,194.800,117.100,128.800,126.400,132.700,162.0,162.000,127.8,132.700,122.000,123.300,123.300,130.000,122.000,127.300,132.600,-1.04478
2015-04-01,135.100,150.400,150.400,133.200,135.100,-0.07396,126.200,143.600,-2.17984,143.600,142.7,153.800,259.700,-3.02465,259.700,154.5,134.600,-2.67534,134.700,-2.17865,126.400,194.600,117.400,128.900,126.500,132.900,162.3,162.300,127.3,132.900,122.000,123.100,123.100,130.100,122.000,127.300,132.300,-2.00000
2015-05-01,135.200,150.600,150.600,133.100,135.200,0.00000,126.300,143.600,-3.03849,143.600,143.2,156.500,264.400,-1.56366,264.400,153.6,135.500,-2.65805,135.400,-2.16763,126.400,194.600,117.400,128.900,126.500,133.300,162.8,162.800,127.5,133.300,122.200,123.400,123.400,130.100,122.200,127.600,132.900,-2.06338
2015-06-01,135.200,150.600,150.600,133.100,135.200,0.00000,127.100,144.700,-2.49326,144.700,143.3,155.100,262.300,-2.27273,262.300,151.4,135.600,-2.72597,135.500,-2.23665,126.400,194.600,117.400,128.900,126.500,133.500,163.2,163.100,127.5,133.500,122.000,123.100,123.100,130.200,122.000,127.600,133.000,-2.06186
2015-07-01,135.300,150.700,150.700,133.100,135.300,0.07396,126.900,144.500,-2.49663,144.500,143.2,154.800,261.700,-3.50295,261.700,151.6,135.400,-2.93907,135.300,-2.45133,126.700,195.300,117.400,129.200,126.700,133.500,162.4,163.100,127.6,133.500,122.500,123.900,123.900,130.100,122.500,127.800,132.900,-2.13549
2015-08-01,135.200,150.600,150.600,133.000,135.200,0.00000,126.200,143.700,-3.10182,143.700,142.8,153.400,259.300,-4.63406,259.300,148.3,134.500,-3.72226,134.600,-3.02594,126.700,195.300,117.400,129.200,126.700,132.500,161.8,161.800,127.4,132.500,121.600,122.700,122.700,129.900,121.600,127.100,132.200,-2.65096
2015-09-01,135.100,150.500,150.500,133.000,135.100,-0.07396,125.900,143.300,-3.37154,143.300,142.6,153.200,259.100,-2.88606,259.100,148.4,134.200,-3.31412,134.400,-2.67922,126.000,193.700,117.400,128.400,126.100,131.500,160.6,160.400,127.3,131.500,120.800,121.800,121.800,129.100,120.800,126.200,131.800,-2.58684
2015-10-01,135.300,150.800,150.800,132.900,135.300,0.07396,125.500,143.100,-2.91723,143.100,140.7,152.100,257.100,-3.16384,257.100,147.8,133.600,-3.25851,133.900,-2.61818,124.900,190.700,117.400,127.000,125.000,131.500,,160.400,127.3,131.500,120.900,121.700,121.700,129.700,120.900,126.000,131.400,-2.52226
2015-11-01,135.100,150.800,150.800,131.900,135.100,-0.07396,125.800,143.300,-2.97901,143.300,140.9,156.200,264.300,-0.18882,264.300,149.0,135.000,-2.24475,135.000,-1.81818,124.800,190.600,117.200,126.900,124.800,131.400,,160.300,127.3,131.400,120.900,121.700,121.700,129.700,120.900,126.000,132.100,-1.93022
2015-12-01,134.900,150.500,150.500,131.900,134.900,-0.22189,124.800,142.000,-3.00546,142.000,141.3,156.600,264.600,-1.34228,264.600,154.3,134.500,-2.53623,134.500,-2.11063,124.600,190.300,117.000,126.700,124.600,131.300,,160.200,126.9,131.300,120.100,121.100,121.100,128.500,120.100,125.600,131.700,-2.08178
2016-01-01,136.600,152.700,152.700,132.700,136.600,1.03550,124.600,140.500,-2.43056,140.500,149.3,156.100,263.700,-0.67797,263.700,153.1,134.200,-1.25092,134.600,-0.81061,124.600,190.800,117.100,127.000,124.600,132.000,,161.300,126.5,132.000,120.000,120.800,120.800,128.900,120.000,125.900,131.800,-0.90226
2016-02-01,134.300,149.400,149.400,132.600,134.300,-0.37092,123.400,138.900,-2.93501,138.900,149.3,158.700,268.600,2.87246,268.600,150.9,134.100,-0.44543,134.100,-0.44543,124.500,190.500,117.100,126.800,124.500,131.800,,161.000,126.5,131.800,119.400,120.000,120.000,128.800,119.400,125.500,131.300,-0.60560
2016-03-01,133.600,148.400,148.400,132.600,133.600,-1.18343,123.200,138.700,-3.21005,138.700,149.2,158.300,267.700,1.51688,267.700,153.0,133.900,-0.96154,133.700,-1.03627,124.400,190.400,117.100,126.700,124.500,131.100,,160.000,126.6,131.100,119.000,119.200,119.200,128.900,119.000,125.000,131.000,-1.20664
2016-04-01,131.700,145.800,145.800,132.400,131.700,-2.51665,123.600,139.200,-3.06407,139.200,,160.300,271.200,4.42819,271.200,152.9,134.700,0.07429,134.100,-0.44543,124.400,190.300,117.100,126.700,124.400,131.900,,160.300,131.9,131.800,118.800,119.400,119.400,128.000,118.800,125.300,131.300,-0.75586
2016-05-01,131.800,145.600,145.600,133.500,131.800,-2.51479,122.800,138.300,-3.69081,138.300,,160.200,270.900,2.45840,270.900,153.9,134.100,-1.03321,133.600,-1.32939,124.700,191.000,117.200,127.000,124.700,132.600,,161.300,132.0,132.600,121.200,120.200,120.200,134.500,121.200,126.600,131.300,-1.20391
2016-06-01,127.000,141.700,141.700,124.100,127.000,-6.06509,122.700,138.100,-4.56116,138.100,,160.700,271.400,3.46931,271.400,158.7,134.200,-1.03245,132.800,-1.99262,125.200,192.300,117.200,127.700,125.300,132.900,,161.600,132.2,132.900,122.600,121.700,121.700,135.700,122.600,127.400,131.000,-1.50376
2016-07-01,127.700,142.700,142.700,124.100,127.700,-5.61715,123.000,138.500,-4.15225,138.500,,161.200,272.300,4.05044,272.300,158.2,134.500,-0.66470,133.200,-1.55211,125.600,193.100,117.500,128.100,125.600,132.600,,161.300,131.8,132.600,122.900,122.100,122.100,135.800,122.900,127.400,131.300,-1.20391
2016-08-01,128.000,143.200,143.200,124.000,128.000,-5.32544,123.000,138.500,-3.61865,138.500,,161.100,272.200,4.97493,272.200,158.5,134.500,0.00000,133.300,-0.96582,125.500,192.900,117.400,128.100,125.600,132.500,,161.100,131.9,132.500,121.900,120.800,120.800,135.100,121.900,126.900,131.200,-0.75643
2016-09-01,128.200,143.400,143.400,124.000,128.200,-5.10733,123.300,139.000,-3.00070,139.000,,159.500,269.500,4.01389,269.500,157.4,134.300,0.07452,133.100,-0.96726,125.800,192.700,118.700,128.300,125.800,132.500,,161.100,131.9,132.500,120.300,118.300,118.300,135.500,120.200,126.400,130.900,-0.68285
2016-10-01,128.200,143.500,143.500,124.200,128.200,-5.24760,124.100,139.900,-2.23620,139.900,,163.100,275.700,7.23454,275.700,160.3,135.900,1.72156,134.400,0.37341,123.600,187.300,118.700,125.800,123.700,132.600,,161.300,132.0,132.600,120.400,118.600,118.600,135.500,120.400,126.000,131.800,0.30441
2016-11-01,128.200,143.400,143.400,124.300,128.200,-5.10733,124.100,140.000,-2.30286,140.000,,164.300,277.300,4.91865,277.300,166.7,136.300,0.96296,134.700,-0.22222,123.800,187.700,118.700,126.000,123.800,132.600,,161.200,132.1,132.600,121.000,119.200,119.200,135.900,121.000,126.300,132.000,-0.07570
2016-12-01,128.300,143.500,143.500,124.400,128.300,-4.89251,124.200,140.100,-1.33803,140.100,,165.600,279.400,5.59335,279.400,169.3,136.700,1.63569,135.100,0.44610,122.500,187.700,113.900,124.500,122.500,132.600,,161.200,132.2,132.600,120.500,118.300,118.300,136.400,120.500,125.900,132.200,0.37965
2017-01-01,128.300,143.500,143.500,124.400,128.300,-6.07613,124.400,140.300,-0.14235,140.300,,166.400,281.100,6.59841,281.100,164.5,137.100,2.16095,135.400,0.59435,122.600,188.600,112.800,124.500,122.600,132.600,,161.300,132.4,132.600,121.200,118.900,118.900,137.200,121.200,126.100,132.500,0.53111
2017-02-01,128.500,143.800,143.800,124.400,128.500,-4.31869,124.700,140.600,1.22390,140.600,,166.800,282.100,5.02606,282.100,160.5,137.400,2.46085,135.700,1.19314,123.200,189.100,114.400,125.300,123.200,133.000,,161.700,132.4,133.000,121.900,119.800,119.800,137.400,121.900,126.700,132.800,1.14242
2017-03-01,128.500,143.900,143.900,124.400,128.500,-3.81737,124.200,139.900,0.86518,139.900,,166.700,281.600,5.19238,281.600,165.8,137.000,2.31516,135.400,1.27150,123.200,189.100,114.300,125.300,123.200,133.000,,161.700,132.5,133.000,121.500,119.500,119.500,136.900,121.500,126.500,132.600,1.22137
2017-04-01,128.600,143.900,143.900,124.400,128.600,-2.35383,124.300,140.100,0.64655,140.100,,167.000,282.300,4.09292,282.300,163.4,137.200,1.85598,135.500,1.04400,125.900,195.100,114.400,128.100,125.900,133.000,,161.800,132.5,133.000,121.100,118.900,118.900,136.900,121.100,126.900,132.800,1.14242
2017-05-01,129.300,143.900,143.900,127.600,129.300,-1.89681,124.000,139.700,1.01229,139.700,,168.000,283.900,4.79882,283.900,164.8,137.300,2.38628,135.800,1.64671,125.800,195.000,114.400,128.100,125.900,133.100,,161.800,132.6,133.100,123.000,121.700,121.700,136.900,123.000,127.700,133.200,1.44707
2017-06-01,129.300,143.900,143.900,127.700,129.300,1.81102,124.200,139.900,1.30340,139.900,,167.900,283.700,4.53206,283.700,165.5,137.400,2.38450,135.800,2.25904,127.900,199.600,114.500,130.300,127.900,133.100,,161.800,132.7,133.100,122.900,121.500,121.500,136.900,122.900,128.100,133.300,1.75573
2017-07-01,129.300,143.800,143.800,127.800,129.200,1.17463,124.200,139.900,1.01083,139.900,,169.700,287.000,5.39846,287.000,164.2,137.900,2.52788,136.300,2.32733,130.500,205.500,114.500,133.100,130.600,133.000,,161.700,132.7,133.000,121.900,120.300,120.300,136.200,121.900,128.100,133.700,1.82788
2017-08-01,131.300,146.400,146.400,128.900,131.300,2.57813,125.900,142.100,2.59928,142.100,,169.900,287.400,5.58413,287.400,162.6,139.200,3.49442,137.700,3.30083,130.600,205.700,114.600,133.200,130.700,133.000,,161.700,133.1,133.000,122.800,121.300,121.300,137.200,122.800,128.600,134.800,2.74390
2017-09-01,131.400,146.300,146.300,129.200,131.400,2.49610,126.600,142.700,2.66187,142.700,,173.300,292.600,8.57143,292.600,174.5,140.700,4.76545,138.900,4.35763,130.800,205.900,114.900,133.300,130.800,134.000,,163.000,133.1,134.000,124.000,122.300,122.300,138.900,124.000,129.400,135.900,3.81971
2017-10-01,131.400,146.400,146.400,129.200,131.400,2.49610,126.600,143.000,2.21587,143.000,,173.500,293.100,6.31121,293.100,170.9,140.700,3.53201,139.000,3.42262,128.900,199.200,117.900,131.200,128.900,133.900,,162.800,133.4,133.900,124.300,122.800,122.800,138.900,124.300,129.200,135.800,3.03490
2017-11-01,131.700,146.600,146.600,130.000,131.700,2.73011,128.500,145.200,3.71429,145.200,,175.100,295.200,6.45510,295.200,180.9,142.500,4.54879,140.500,4.30586,128.900,199.400,117.800,131.200,129.000,134.100,,163.100,133.4,134.100,125.100,123.300,123.300,140.500,125.100,129.600,137.000,3.78788
2017-12-01,132.000,146.900,146.900,130.300,132.000,2.88387,130.300,147.400,5.21056,147.400,,175.500,296.100,5.97709,296.100,179.9,143.900,5.26701,141.700,4.88527,129.200,200.100,117.800,131.500,129.300,134.100,,163.100,133.3,134.000,125.400,123.800,123.800,140.500,125.400,129.700,137.900,4.31165
2018-01-01,132.800,147.800,147.800,130.900,132.800,3.50740,131.000,148.300,5.70207,148.300,,177.400,299.300,6.47456,299.300,180.4,145.000,5.76222,142.700,5.39143,129.200,200.100,117.800,131.500,129.300,134.100,,163.100,133.4,134.100,126.300,124.600,124.600,141.400,126.300,130.100,138.700,4.67925
2018-02-01,132.900,147.900,147.900,131.100,132.900,3.42412,132.000,149.400,6.25889,149.400,,178.500,301.500,6.87699,301.500,179.6,146.000,6.25910,143.500,5.74797,129.900,201.600,117.800,132.200,129.900,135.700,,165.100,134.1,135.700,126.600,124.900,124.900,141.700,126.600,131.000,139.500,5.04518
2018-03-01,133.600,148.900,148.900,131.100,133.600,3.96887,132.000,149.500,6.86204,149.500,,178.400,301.500,7.06676,301.500,178.8,146.000,6.56934,143.600,6.05613,130.200,202.300,117.800,132.500,130.200,135.500,,164.900,134.0,135.500,126.600,124.900,124.900,141.500,126.600,131.000,139.600,5.27903
2018-04-01,133.600,148.900,148.900,131.400,133.600,3.88802,132.300,149.800,6.92363,149.800,,178.900,302.200,7.04924,302.200,,146.400,6.70554,143.900,6.19926,129.800,201.400,117.800,132.100,129.800,135.700,,165.100,,135.700,128.800,126.700,126.700,146.600,128.700,131.900,140.100,5.49699
2018-05-01,135.900,151.600,151.600,133.000,135.900,5.10441,133.600,151.200,8.23193,151.200,,181.000,305.100,7.46742,305.100,,147.800,7.64749,145.600,7.21649,132.500,207.900,117.800,135.000,132.500,135.900,,165.200,,135.900,129.100,127.000,127.000,147.100,129.100,132.600,141.500,6.23123
2018-06-01,141.700,157.400,157.400,140.500,141.700,9.59010,135.400,152.600,9.07791,152.600,,183.100,308.800,8.84737,308.800,,149.800,9.02475,148.300,9.20471,132.500,207.800,117.900,135.000,132.500,136.600,,166.000,,136.600,129.500,127.500,127.500,147.600,129.500,133.000,143.400,7.57689
2018-07-01,142.900,159.200,159.200,140.700,142.900,10.60372,136.800,154.000,10.07863,154.000,163.0,183.200,308.900,7.63066,308.900,,150.900,9.42712,149.400,9.61115,132.700,208.200,117.900,135.200,132.700,137.000,,166.600,,137.000,130.100,128.100,128.100,147.800,130.100,133.500,144.300,7.92820
2018-08-01,143.000,159.300,159.300,140.800,143.000,8.91089,137.500,154.900,9.00774,154.900,163.1,183.300,309.100,7.55045,309.100,,151.400,8.76437,149.800,8.78722,132.800,208.200,118.200,135.300,132.800,136.800,,166.300,,136.800,130.100,128.000,128.000,148.300,130.100,133.400,144.600,7.27003
2018-09-01,143.700,160.000,160.000,141.500,143.700,9.36073,138.600,156.600,9.74071,156.600,163.0,184.000,310.200,6.01504,310.200,,152.400,8.31557,150.700,8.49532,133.100,208.700,118.600,135.600,133.100,138.000,,167.900,,138.000,130.600,128.500,128.500,149.000,130.500,134.200,145.500,7.06402
2018-10-01,146.700,164.200,164.200,142.100,146.600,11.56773,139.800,158.100,10.55944,158.100,164.2,185.300,312.500,6.61890,312.500,,153.700,9.23952,152.300,9.56835,133.200,209.100,118.400,135.700,133.200,138.600,,168.800,,138.600,131.000,129.000,129.000,149.400,131.000,134.600,146.800,8.10015
2018-11-01,146.700,164.300,164.300,142.100,146.700,11.38952,140.300,158.500,9.15978,158.500,165.4,184.800,311.600,5.55556,311.600,,153.900,8.00000,152.500,8.54093,133.500,209.500,118.500,136.000,133.500,138.500,,168.600,,138.500,131.300,129.100,129.100,150.500,131.300,134.700,146.900,7.22628
2018-12-01,145.900,163.200,163.200,141.900,145.900,10.53030,140.400,158.600,7.59837,158.600,165.4,183.900,310.000,4.69436,310.000,,153.800,6.87978,152.300,7.48059,134.400,211.300,118.900,136.900,134.400,140.400,,171.000,,140.400,130.100,127.800,127.800,150.200,130.100,135.200,146.900,6.52647
2019-01-01,145.700,162.800,162.800,141.800,145.700,9.71386,139.900,156.500,5.52933,156.500,169.3,188.500,317.700,6.14768,317.700,,154.500,6.55172,152.800,7.07779,133.200,209.400,117.900,135.700,133.200,140.800,,171.600,,140.800,128.800,126.500,126.500,149.100,128.800,134.600,147.100,6.05624
2019-02-01,145.600,162.800,162.800,141.600,145.600,9.55606,138.600,154.800,3.61446,154.800,169.1,188.800,318.400,5.60531,318.400,,153.700,5.27397,152.200,6.06272,131.400,208.200,114.300,133.900,131.400,140.700,,171.500,,140.700,129.300,127.100,127.100,149.000,129.300,134.500,146.600,5.08961
2019-03-01,145.400,162.800,162.800,140.500,145.300,8.75749,138.200,154.200,3.14381,154.200,169.0,187.800,316.600,5.00829,316.600,,153.100,4.86301,151.600,5.57103,132.100,208.000,116.500,134.600,132.100,140.800,,171.600,,140.800,129.600,127.400,127.400,149.200,129.600,134.800,146.300,4.79943
2019-04-01,145.400,163.000,163.000,140.400,145.400,8.83234,136.700,153.700,2.60347,153.700,163.5,186.200,314.000,3.90470,314.000,,151.600,3.55191,150.400,4.51703,134.500,209.800,121.100,137.100,134.600,141.800,,172.900,,141.800,130.000,127.800,127.800,149.300,130.000,135.700,145.800,4.06852
2019-05-01,146.100,163.700,163.700,141.100,146.100,7.50552,137.300,152.600,0.92593,152.600,169.5,189.900,320.100,4.91642,320.100,,153.000,3.51827,151.700,4.18956,138.600,213.600,127.900,141.200,138.600,142.100,,173.200,,142.000,129.600,127.600,127.600,146.700,129.600,136.300,146.800,3.74558
2019-06-01,146.700,164.500,164.500,141.200,146.700,3.52858,137.700,154.000,0.91743,154.000,167.2,190.300,320.900,3.91839,320.900,,153.400,2.40320,152.100,2.56237,140.700,218.400,127.900,143.300,140.700,142.100,,173.200,,142.000,128.600,126.500,126.500,147.000,128.600,136.300,147.100,2.58020
2019-07-01,146.400,164.200,164.200,140.900,146.400,2.44927,136.800,153.300,-0.45455,153.300,164.9,188.100,317.100,2.65458,317.100,,152.100,0.79523,151.000,1.07095,141.000,219.300,127.900,143.700,141.100,142.000,,173.100,,142.000,128.700,126.600,126.600,147.000,128.700,136.300,146.400,1.45530
2019-08-01,146.300,164.100,164.100,,146.300,2.30769,136.100,152.600,-1.48483,152.600,163.9,190.100,320.400,3.65577,320.400,,152.200,0.52840,151.000,0.80107,139.300,215.300,127.900,141.900,139.300,142.000,,173.100,,142.000,128.700,126.600,126.600,146.900,128.700,136.000,146.300,1.17566
2019-09-01,146.300,164.100,164.100,,146.300,1.80932,136.600,153.500,-1.97957,153.500,163.5,187.800,316.600,2.06319,316.600,,151.900,-0.32808,150.800,0.06636,138.500,212.700,128.700,141.100,138.500,142.100,,173.300,,142.100,127.800,125.600,125.600,147.200,127.800,135.600,146.000,0.34364
2019-10-01,147.000,165.000,165.000,,147.000,0.27285,136.600,154.000,-2.59330,154.000,161.8,188.700,318.200,1.82400,318.200,,152.100,-1.04099,151.100,-0.78792,136.300,212.400,122.800,138.800,136.300,142.100,,173.300,,142.100,128.400,126.200,126.200,147.900,128.400,135.500,146.200,-0.40872
2019-11-01,146.900,165.000,165.000,141.000,146.900,0.13633,140.100,154.300,-2.64984,154.300,,189.300,319.200,2.43902,319.200,,155.000,0.71475,153.400,0.59016,136.300,212.400,122.800,138.800,136.300,142.100,,173.300,,142.100,128.200,126.000,126.000,147.900,128.200,135.400,147.700,0.54459
2019-12-01,147.000,165.000,165.000,141.100,147.000,0.75394,141.000,155.200,-2.14376,155.200,,185.200,312.200,0.70968,312.200,,154.500,0.45514,153.100,0.52528,136.200,212.400,122.800,138.800,136.300,142.100,,173.300,,142.100,128.400,126.200,126.200,147.900,128.400,135.500,147.500,0.40844
2020-01-01,147.600,166.100,166.100,140.800,147.600,1.30405,136.300,152.900,-2.30032,152.900,,193.600,326.500,2.76991,326.500,,153.300,-0.77670,152.200,-0.39267,136.400,212.900,122.800,139.000,136.500,142.100,,173.200,,142.100,128.800,126.600,126.600,147.900,128.800,135.600,146.900,-0.13596
2020-02-01,148.300,165.900,165.900,144.000,148.300,1.85440,136.100,152.600,-1.42119,152.600,,191.100,322.100,1.16206,322.100,,152.400,-0.84580,151.600,-0.39422,136.800,214.600,121.800,139.400,136.900,143.400,,175.000,,143.400,128.200,126.000,126.000,147.800,128.200,136.000,146.700,0.06821
2020-03-01,149.200,166.400,166.400,146.300,149.200,2.68410,134.300,148.700,-3.56680,148.700,,189.700,319.800,1.01074,319.800,,150.700,-1.56760,150.300,-0.85752,136.500,213.800,121.800,139.100,136.500,143.700,,175.400,,143.700,127.500,125.300,125.300,147.000,127.500,135.800,145.700,-0.41012
2020-04-01,148.400,165.300,165.300,146.000,148.300,1.99450,131.800,146.800,-4.48926,146.800,,188.400,317.600,1.14650,317.600,,148.500,-2.04485,148.400,-1.32979,136.100,212.800,121.800,138.600,136.100,140.700,,171.700,,140.700,125.200,122.800,122.800,145.600,125.200,133.500,143.700,-1.44033
2020-05-01,138.400,151.000,151.000,145.200,138.400,-5.27036,128.200,145.000,-4.98034,145.000,,187.700,316.500,-1.12465,316.500,,145.600,-4.83660,144.200,-4.94397,135.900,212.400,121.800,138.400,135.900,140.300,,171.200,,140.300,124.000,121.500,121.500,145.300,124.000,132.800,140.600,-4.22343
2020-06-01,138.300,150.900,150.900,145.200,138.300,-5.72597,132.000,146.300,-5.00000,146.300,,186.100,313.800,-2.21253,313.800,,148.000,-3.52021,146.100,-3.94477,138.900,215.500,126.500,141.500,138.900,140.300,,171.200,,140.300,124.600,122.200,122.200,145.500,124.600,133.500,142.100,-3.39905
2020-07-01,148.900,165.300,165.300,148.100,148.900,1.70765,134.000,149.000,-2.80496,149.000,,190.300,320.900,1.19836,320.900,,150.600,-0.98619,150.300,-0.46358,139.500,216.800,126.500,142.100,139.500,140.300,,171.200,,140.300,124.600,122.200,122.200,145.600,124.600,133.600,145.000,-0.95628
2020-08-01,147.100,162.700,162.700,148.100,147.100,0.54682,135.600,153.000,0.26212,153.000,,189.900,320.100,-0.09363,320.100,,151.700,-0.32852,150.800,-0.13245,139.000,215.600,126.500,141.600,139.000,140.300,,171.200,,140.300,124.600,122.200,122.200,145.700,124.600,133.600,145.400,-0.61517
2020-09-01,147.100,162.700,162.700,148.100,147.100,0.54682,139.000,154.000,0.32573,154.000,,185.500,312.800,-1.20025,312.800,,153.100,0.78999,151.900,0.72944,136.000,212.700,121.900,138.600,136.100,140.500,,171.400,,140.500,125.000,122.600,122.600,145.700,125.000,133.300,146.000,0.00000
2020-10-01,150.400,165.600,165.600,153.500,150.400,2.31293,142.200,157.100,2.01299,157.100,,189.600,319.700,0.47140,319.700,,156.600,2.95858,155.400,2.84580,136.000,212.600,121.900,138.600,136.000,140.400,,171.300,,140.400,124.800,122.400,122.400,145.400,124.700,133.200,148.400,1.50479
2020-11-01,150.200,165.300,165.300,153.600,150.200,2.24643,146.600,162.000,4.99028,162.000,,187.700,316.400,-0.87719,316.400,,159.400,2.83871,157.600,2.73794,135.600,211.700,121.900,138.200,135.700,140.500,,171.400,,140.500,125.900,123.100,123.100,149.800,125.900,133.600,150.000,1.55721
2020-12-01,153.400,169.800,169.800,154.000,153.400,4.35374,147.600,164.800,6.18557,164.800,,187.100,315.400,1.02498,315.400,,159.900,3.49515,158.700,3.65774,137.700,213.500,125.600,140.300,137.800,140.500,,171.400,,140.500,127.200,124.500,124.500,150.500,127.200,134.500,151.000,2.37288
2021-01-01,151.700,167.200,167.200,154.300,151.700,2.77778,146.100,162.500,6.27861,162.500,,196.700,331.600,1.56202,331.600,,161.400,5.28376,159.500,4.79632,137.900,214.000,125.600,140.500,138.000,141.100,,172.000,,141.100,128.200,125.500,125.500,150.900,128.200,135.200,151.800,3.33560
2021-02-01,154.100,167.700,167.700,162.600,154.000,3.84356,151.300,168.400,10.35387,168.400,,196.800,331.800,3.01149,331.800,,165.300,8.46457,163.100,7.58575,138.500,215.400,125.600,141.200,138.600,141.400,,172.400,,141.400,129.400,126.900,126.900,151.400,129.400,136.000,154.500,5.31697
2021-03-01,155.200,168.700,168.700,164.400,155.200,4.02145,154.700,170.400,14.59314,170.400,,202.500,341.500,6.78549,341.500,,169.300,12.34240,166.600,10.84498,139.000,216.400,125.600,141.600,139.000,141.500,,172.500,,141.500,132.200,129.900,129.900,152.500,132.200,137.300,157.400,8.03020
2021-04-01,155.400,169.000,169.000,164.500,155.400,4.78759,159.300,176.300,20.09537,176.300,,203.400,343.000,7.99748,343.000,,173.100,16.56566,169.700,14.35310,139.700,217.800,125.800,142.300,139.700,143.100,,174.500,,143.100,134.000,131.700,131.700,154.000,134.000,138.800,159.900,11.27349
2021-05-01,163.100,179.200,179.200,167.500,163.100,17.84682,162.100,178.700,23.24138,178.700,,203.700,343.500,8.53081,343.500,,175.200,20.32967,172.900,19.90291,144.800,225.700,130.400,147.500,144.800,144.000,,175.800,,144.000,134.700,132.400,132.400,154.600,134.700,140.300,162.600,15.64723
2021-06-01,163.800,179.900,179.900,168.400,163.800,18.43818,159.300,178.700,22.14627,178.700,,210.700,355.200,13.19312,355.200,,175.000,18.24324,172.800,18.27515,151.400,235.400,137.200,154.300,151.400,144.400,,176.300,,144.400,137.700,133.900,133.900,170.800,137.700,142.900,163.400,14.98944
2021-07-01,163.692,179.391,179.391,169.392,163.676,9.92344,159.929,184.218,23.63624,184.218,,208.302,351.195,9.44064,351.195,,174.821,16.08300,172.697,14.90153,155.476,241.301,141.462,158.420,155.511,144.563,,176.463,,144.556,141.103,137.376,137.376,173.028,141.097,145.051,163.969,13.08207
2021-08-01,163.714,179.063,179.063,170.410,163.698,11.28348,164.691,186.702,22.02745,186.702,,207.759,350.281,9.42862,350.281,,178.240,17.49506,175.475,16.36273,156.368,243.347,141.462,159.330,156.404,144.916,,176.723,,144.908,142.054,138.425,138.425,173.191,142.048,145.749,166.080,14.22283
2021-09-01,164.407,179.834,179.834,171.094,164.391,11.75459,169.568,191.037,24.05000,191.037,,209.299,352.878,12.81266,352.878,,182.298,19.07120,178.904,17.77749,154.557,239.194,141.462,157.484,154.592,145.463,,177.436,,145.455,143.038,139.484,139.484,173.571,143.033,146.091,168.530,15.43151
2021-10-01,169.190,186.789,186.789,171.210,169.175,12.48338,173.847,198.353,26.25907,198.353,,211.703,356.931,11.64561,356.931,,186.146,18.86718,182.934,17.71815,153.597,241.789,135.570,156.506,153.632,146.376,,178.525,,146.368,146.440,143.082,143.082,175.409,146.435,147.752,171.823,15.78369
2021-11-01,171.242,188.217,188.217,175.651,171.227,13.99933,182.629,204.992,26.53827,204.992,,217.984,367.521,16.15708,367.521,,194.376,21.94228,190.003,20.56028,153.693,241.441,136.269,156.604,153.728,148.659,,181.297,,148.651,147.270,143.969,143.969,175.778,147.264,149.056,177.063,18.04200
2021-12-01,171.229,188.199,188.199,175.644,171.213,11.61213,187.738,205.897,24.93750,205.897,,218.148,367.796,16.61256,367.796,,198.234,23.97373,193.130,21.69502,155.063,243.417,137.699,158.000,155.098,149.678,,182.326,,149.669,148.654,145.377,145.377,,148.648,150.289,179.575,18.92384
2022-01-01,173.654,191.156,191.156,177.311,173.638,14.46144,198.275,209.094,28.67323,209.094,,222.856,375.734,13.30941,375.734,,207.349,28.46902,200.980,26.00627,155.314,243.993,137.699,158.255,155.349,153.747,,187.423,,153.739,151.836,148.648,148.648,,151.830,153.352,185.887,22.45520
2022-02-01,175.226,191.753,191.753,182.116,175.209,13.77208,208.028,214.128,27.15439,214.128,,220.690,372.082,12.14045,372.082,,214.070,29.50393,206.726,26.74801,155.952,244.306,139.112,158.906,155.988,157.406,,192.184,,157.398,152.979,149.766,149.766,,152.974,155.443,190.459,23.27443
2022-03-01,188.753,205.952,205.952,197.876,188.734,21.60696,211.126,224.224,31.58685,224.224,,239.535,403.855,18.25915,403.855,,221.382,30.76314,215.203,29.17347,162.448,258.969,139.396,165.525,162.485,162.175,,197.893,,162.166,159.746,156.921,156.921,,159.740,161.355,198.150,25.88945
2022-04-01,190.187,207.311,207.311,199.958,190.167,22.37259,209.823,226.516,28.48327,226.516,,243.598,410.705,19.73907,410.705,,221.488,27.95378,215.563,27.02593,168.184,268.420,143.939,171.369,168.222,174.244,,211.508,,174.234,163.714,160.846,160.846,,163.707,168.936,200.798,25.57724
2022-05-01,192.282,209.543,209.543,202.306,192.262,17.87983,210.733,232.534,30.12535,232.534,,251.869,424.650,23.62445,424.650,,224.366,28.06279,218.305,26.26084,172.555,278.441,143.939,175.822,172.594,177.159,,214.313,,177.149,167.164,164.663,164.663,,167.157,172.323,203.759,25.31304
2022-06-01,193.701,210.648,210.648,205.045,193.681,18.24237,203.350,224.582,25.67543,224.582,,258.802,436.338,22.84291,436.338,,220.661,26.09200,215.555,24.74248,178.768,288.292,149.337,182.154,178.809,178.181,,215.643,,178.171,169.629,167.286,167.286,,169.622,174.823,202.669,24.03244
2022-07-01,196.940,214.997,214.997,206.145,196.921,20.31147,204.018,224.278,21.74597,224.278,,248.576,419.098,19.33484,419.098,,218.462,24.96325,214.367,24.12897,178.527,287.739,149.337,181.908,178.567,178.313,,215.814,,178.303,171.652,169.373,169.373,,171.646,175.698,202.126,23.27086
2022-08-01,195.523,214.303,214.303,202.255,195.505,19.43029,200.068,214.944,15.12678,214.944,,242.100,408.179,16.52902,408.179,,213.779,19.93885,210.286,19.83815,174.933,278.638,150.397,178.246,174.973,178.456,,216.001,,178.446,169.585,167.095,167.095,,169.579,174.280,198.870,19.74350
2022-09-01,195.778,213.980,213.980,204.214,195.758,19.08073,197.526,214.781,12.42901,214.781,,242.930,409.580,16.06844,409.580,,212.100,16.34796,208.971,16.80622,170.891,273.156,145.745,174.127,170.930,178.606,,216.195,,178.596,169.185,166.698,166.698,,169.178,173.499,197.733,17.32807
2022-10-01,196.088,214.241,214.241,204.761,196.069,15.89715,197.549,209.579,5.65961,209.579,,237.312,400.106,12.09618,400.106,,210.621,13.14828,207.814,13.60053,168.805,268.373,145.745,172.002,168.843,180.044,,218.067,,180.035,168.475,166.017,166.017,,168.469,173.440,196.905,14.59758
2022-11-01,196.340,214.435,214.435,205.250,196.320,14.65481,195.947,212.075,3.45526,212.075,,242.376,408.645,11.18956,408.645,,210.768,8.43314,207.989,9.46617,167.883,270.129,140.993,171.062,167.921,181.353,,219.770,,181.343,171.077,168.609,168.609,,171.071,174.930,197.510,11.54787
2022-12-01,186.272,200.626,200.626,202.661,186.251,8.78321,200.778,211.253,2.60130,211.253,,233.568,393.794,7.06859,393.794,,212.048,6.96853,207.137,7.25263,167.517,269.289,140.993,170.689,167.555,180.153,,218.208,,180.143,167.951,165.257,165.257,,167.944,173.047,196.307,9.31756
2023-01-01,185.642,199.732,199.732,202.241,185.620,6.90056,187.156,199.930,-4.38272,199.930,,240.539,405.547,7.93460,405.547,,203.056,-2.07042,200.060,-0.45776,168.213,267.713,144.443,171.399,168.251,180.186,,218.258,,180.176,166.623,164.098,164.098,,166.617,172.603,191.078,2.79256
2023-02-01,184.804,197.607,197.607,202.830,184.781,5.46319,194.459,193.505,-9.63116,193.505,,236.298,398.398,7.07263,398.398,,207.723,-2.96492,203.435,-1.59196,165.999,262.399,144.443,169.142,166.036,180.194,,218.271,,180.184,166.254,163.609,163.609,,166.248,172.098,193.339,1.51214
2023-03-01,176.984,184.263,184.263,200.377,176.961,-6.23788,202.307,188.045,-16.13520,188.045,,233.331,393.394,-2.59029,393.394,,213.117,-3.73337,205.733,-4.40050,164.529,258.872,144.443,167.645,164.566,179.943,,217.889,,179.934,164.163,161.485,161.485,,164.156,170.867,194.625,-1.77896
2023-04-01,178.154,184.395,184.395,203.036,178.130,-6.32970,184.407,182.593,-19.39068,182.593,,228.176,384.703,-6.33106,384.703,,197.948,-10.62812,194.324,-9.85280,163.433,256.241,144.443,166.528,163.470,179.641,,217.430,,179.631,159.878,156.799,156.799,,159.872,168.734,185.833,-7.45276
2023-05-01,172.124,175.346,175.346,199.617,172.099,-10.48725,192.615,177.116,-23.83221,177.116,,231.510,390.325,-8.08313,390.325,,205.110,-8.58241,198.410,-9.11340,168.426,262.353,150.679,171.615,168.464,178.598,,215.842,,178.588,161.388,158.500,158.500,,161.382,169.736,189.015,-7.23600
2023-06-01,170.436,173.328,173.328,,170.412,-12.01409,190.471,174.979,-22.08681,174.979,,230.664,388.899,-10.87208,388.899,,203.235,-7.89718,196.569,-8.80796,175.161,278.517,150.679,178.478,175.201,178.320,,215.420,,178.311,158.663,155.465,155.465,,158.657,169.518,187.623,-7.42393
2023-07-01,171.156,174.739,174.739,,171.132,-13.09611,178.666,175.610,-21.69985,175.610,,230.773,389.081,-7.16229,389.081,,194.072,-11.16441,189.693,-11.51017,173.102,273.577,150.679,176.381,173.142,178.811,,216.166,,178.801,158.567,155.376,155.376,,158.561,169.355,182.644,-9.63854
2023-08-01,166.151,175.123,175.123,,166.129,-15.02570,173.268,175.030,-18.56949,175.030,,240.812,406.009,-0.53163,406.009,,192.238,-10.07629,187.135,-11.00929,170.678,267.758,150.679,173.910,170.716,180.022,,218.009,,180.012,161.735,158.863,158.863,,161.729,170.832,181.217,-8.87665
2023-09-01,170.430,176.155,176.155,,170.407,-12.95017,182.025,178.395,-16.94098,178.395,,242.879,409.493,-0.02124,409.493,,199.553,-5.91561,193.759,-7.27948,169.387,274.929,139.769,172.595,169.425,178.772,,218.648,,178.761,162.823,160.037,160.037,,162.816,170.578,185.925,-5.97169
2023-10-01,171.217,176.306,176.306,,171.194,-12.68686,184.002,177.857,-15.13606,177.857,,244.315,411.915,2.95147,411.915,,201.431,-4.36329,195.385,-5.98083,167.739,270.974,139.769,170.916,167.777,179.005,,219.004,,178.995,161.611,158.675,158.675,,161.605,169.896,186.910,-5.07605
2023-11-01,169.445,175.919,175.919,,169.422,-13.70110,187.206,178.724,-15.72604,178.724,,240.901,406.159,-0.60835,406.159,,203.121,-3.62816,196.274,-5.63251,167.021,269.252,139.769,170.184,167.059,178.530,,218.280,,178.519,158.129,154.829,154.829,,158.122,168.094,187.062,-5.28986
2023-12-01,175.164,177.347,177.347,,175.138,-5.96668,177.712,176.596,-16.40545,176.596,,236.187,398.210,1.12140,398.210,,194.611,-8.22314,191.045,-7.76877,164.695,263.669,139.769,167.814,164.732,178.629,,218.431,,178.619,157.018,153.525,153.525,,157.011,167.292,183.079,-6.73843
2024-01-01,175.510,177.356,177.356,,175.484,-5.46062,178.925,172.009,-13.96539,172.009,,242.245,408.425,0.70966,408.425,,196.973,-2.99573,192.937,-3.56043,164.514,261.059,142.081,167.630,164.551,180.074,,220.629,,180.063,154.199,150.417,150.417,,154.192,166.656,184.262,-3.56713
2024-02-01,177.198,178.361,178.361,,177.172,-4.11785,178.320,175.045,-9.53981,175.045,,244.230,411.772,3.35694,411.772,,196.979,-5.17227,193.341,-4.96178,165.442,263.287,142.081,168.575,165.480,180.074,,220.629,,180.063,154.594,150.943,150.943,,154.588,166.972,184.650,-4.49418
2024-03-01,178.643,180.536,180.536,,178.617,0.93580,172.822,173.176,-7.90715,173.176,,245.484,413.884,5.20852,413.884,,192.989,-9.44458,190.609,-7.35128,165.450,263.306,142.081,168.583,165.488,181.105,,222.198,,181.094,154.788,151.218,151.218,,154.782,167.484,182.824,-6.06346
2024-04-01,180.851,182.541,182.541,,180.825,1.51294,172.961,174.121,-4.63983,174.121,,246.943,416.344,8.22479,416.344,,193.445,-2.27484,191.477,-1.46508,167.830,269.016,142.081,171.008,167.868,183.273,,225.497,,183.262,154.042,150.356,150.356,,154.035,168.441,183.711,-1.14189
2024-05-01,179.802,181.311,181.311,,179.776,4.46080,181.575,172.055,-2.85745,172.055,,244.791,412.717,5.73676,412.717,,199.637,-2.66832,195.989,-1.22020,170.046,275.514,140.828,173.266,170.085,183.273,,225.497,,183.262,153.940,150.280,150.280,,153.933,168.747,187.023,-1.05388
2024-06-01,179.436,180.596,180.596,,179.410,5.28014,182.698,171.892,-1.76421,171.892,,241.732,407.560,4.79842,407.560,,199.780,-1.70000,196.005,-0.28692,170.409,276.386,140.828,173.636,170.448,182.995,,225.074,,182.983,153.587,150.130,150.130,,153.581,168.539,186.970,-0.34804
2024-07-01,180.861,181.170,181.170,,180.834,5.66931,190.065,175.818,0.11844,175.818,,247.454,417.206,7.22857,417.206,,206.864,6.59137,201.788,6.37609,169.732,274.762,140.828,172.947,169.771,182.995,,225.074,,182.983,156.047,152.794,152.794,,156.041,169.486,191.387,4.78691
2024-08-01,182.016,183.429,183.429,,181.989,9.54680,176.722,174.937,-0.05313,174.937,,243.762,410.982,1.22485,410.982,,195.651,1.77540,193.460,3.37991,169.420,274.013,140.828,172.629,169.459,182.995,,225.074,,182.983,155.401,152.130,152.130,,155.395,169.160,185.349,2.28014
2024-09-01,179.902,181.935,181.935,,179.876,5.55670,172.163,175.155,-1.81619,175.155,,243.046,409.774,0.06862,409.774,,191.953,-3.80851,190.138,-1.86882,169.054,273.133,140.828,172.255,169.092,182.995,,225.074,,182.983,154.814,151.495,151.495,,154.808,168.851,182.892,-1.63130
2024-10-01,179.512,181.171,181.171,,179.485,4.84304,165.925,175.660,-1.23526,175.660,,243.330,410.253,-0.40348,410.253,,187.193,-7.06843,186.401,-4.59810,170.523,276.660,140.828,173.753,170.562,182.995,,225.074,,182.983,153.912,150.486,150.486,,153.906,168.697,180.186,-3.59745
2024-11-01,179.451,181.158,181.158,,179.424,5.90360,160.349,176.842,-1.05302,176.842,,243.394,410.361,1.03457,410.361,,182.897,-9.95663,183.102,-6.71103,169.020,273.053,140.828,172.221,169.059,182.909,,224.943,,182.897,153.402,149.732,149.732,,153.395,168.204,177.704,-5.00262
2024-12-01,178.892,181.447,181.447,,178.866,2.12861,171.718,179.781,1.80355,179.781,,243.422,410.408,3.06321,410.408,,191.724,-1.48347,189.752,-0.67680,169.291,273.702,140.828,172.497,169.329,182.909,,224.943,,182.897,153.833,150.613,150.613,,153.827,168.433,182.528,-0.30096
2025-01-01,178.951,181.447,181.447,,178.925,1.96086,181.652,177.546,3.21902,177.546,,257.376,433.936,6.24619,433.936,,202.712,2.91360,198.200,2.72783,168.936,272.851,140.828,172.136,168.975,183.590,,225.979,,183.579,153.913,150.949,150.949,,153.907,168.695,188.648,2.38031
2025-02-01,178.704,180.963,180.963,,178.678,0.85002,179.387,178.155,1.77669,178.155,,259.215,437.036,6.13543,437.036,,201.398,2.24339,197.141,1.96544,168.527,271.869,140.828,171.719,168.565,183.590,,225.979,,183.579,153.789,150.797,150.797,,153.783,168.578,187.867,1.74222
2025-03-01,179.050,181.639,181.639,,179.024,0.22786,165.826,170.478,-1.55795,170.478,,259.005,436.680,5.50782,436.680,,190.802,-1.13323,189.071,-0.80689,168.905,272.776,140.828,172.104,168.943,183.576,,225.958,,183.564,149.856,146.411,146.411,,149.850,166.946,181.628,-0.65418
2025-04-01,179.431,182.386,182.386,,179.405,-0.78529,175.089,170.064,-2.32999,170.064,,259.125,436.884,4.93342,436.884,,198.001,2.35519,194.675,1.67017,169.005,273.015,140.828,172.205,169.043,183.637,,226.051,,183.626,150.490,147.120,147.120,,150.484,167.259,185.710,1.08812
2025-05-01,179.069,181.678,181.678,,179.043,-0.40773,178.512,170.625,-0.83113,170.625,,258.130,435.205,5.44877,435.205,,200.419,0.39171,196.442,0.23114,169.801,274.927,140.828,173.017,169.840,183.928,,226.493,,183.916,151.708,147.376,147.376,,151.701,168.023,187.171,0.07913
2025-06-01,179.217,181.967,181.967,,179.191,-0.12207,168.390,170.774,-0.65041,170.774,,261.013,440.067,7.97600,440.067,,193.266,-3.26059,191.004,-2.55147,175.071,287.574,140.828,178.387,175.111,183.962,,226.545,,183.951,151.578,147.246,147.246,,151.571,168.814,183.512,-1.84949
2025-07-01,179.509,182.537,182.537,,179.483,-0.74709,180.920,172.614,-1.82234,172.614,,265.420,447.498,7.26068,447.498,,204.024,-1.37288,199.331,-1.21761,170.993,277.788,140.828,174.232,171.032,184.766,,227.768,,184.754,153.729,149.300,149.300,,153.722,169.424,189.639,-0.91333
2025-08-01,180.332,184.147,184.147,,180.306,-0.92478,182.356,173.599,-0.76485,173.599,,268.431,452.573,10.11991,452.573,,205.855,5.21541,200.940,3.86643,174.102,285.249,140.828,177.400,174.142,184.766,,227.768,,184.754,153.857,149.198,149.198,,153.850,169.969,190.947,3.02025
2025-09-01,180.469,184.414,184.414,,180.443,0.31522,180.829,171.946,-1.83209,171.946,,267.001,450.163,9.85641,450.163,,204.324,6.44481,199.789,5.07579,177.481,292.559,141.674,180.842,177.521,184.923,,228.007,,184.912,152.647,148.000,148.000,,152.640,170.050,190.136,3.96081
