State-to-State Flatbeds Broker Spot DAT Rates With DAT fuel ($0.45) - Past 30 days as of 01/05/2026,,,,,,,,,,,,,,,,,,,,,,,,,,,,,,,,,,,,,,,,,,,,,,,,,,,,,,,,,,
,Dest - AB,AL,AR,AZ,BC,CA,CO,CT,DE,FL,GA,IA,ID,IL,IN,KS,KY,LA,MA,MB,MD,ME,MI,MN,MO,MS,MT,NB,NC,ND,NE,NF,NH,NJ,NM,NS,NV,NY,OH,OK,ON,OR,PA,PE,PQ,RI,SC,SD,SK,TN,TX,UT,VA,VT,WA,WI,WV,WY
Origin - AB,3.36,,,,,,2.76,,,,,,,,,,,,,,,,,,,,,,,,,,,,,,,,,,2.21,,,,,,,,,,2.05,,,,,,,2.96
AL,,3.29,2.79,2.48,,2.33,3.31,3.27,3.19,3.16,3.54,2.76,,2.68,2.79,2.69,3.09,2.89,2.79,,2.90,,2.78,2.57,2.75,3.02,,,2.96,,2.62,,3.04,3.02,3.00,,2.89,3.10,2.78,2.52,1.99,2.11,3.01,,,,2.97,2.59,,3.45,2.56,2.63,3.05,,2.07,2.65,3.54,
AR,,2.95,3.88,2.68,,2.42,3.18,,2.85,2.75,2.80,2.77,2.79,2.99,2.65,3.36,2.67,2.98,3.05,,2.97,,2.51,2.54,3.39,3.38,,,2.81,4.22,2.74,,,2.60,3.73,,2.67,2.76,2.66,3.53,,2.21,2.92,,,,2.52,3.65,,2.77,3.01,3.10,2.91,,2.69,2.52,2.94,2.89
AZ,,1.65,1.69,3.46,,2.20,2.23,,,1.84,1.66,,2.09,1.71,1.59,,1.94,1.76,,,,,1.66,1.94,1.58,1.78,,,1.70,,1.55,,,2.08,2.29,,2.42,2.23,1.69,1.74,,2.04,1.97,,,,1.79,,,1.63,1.75,2.33,1.67,,1.86,1.56,,
BC,2.83,,,,,,,,,,,,,,,,,,,,,,,,,,,,,,,,,,,,,,,,,,,,,,,,,,,,,,,,,
CA,2.14,1.98,1.89,3.15,2.03,2.92,2.88,2.07,2.08,2.00,1.87,2.01,2.78,1.97,1.91,2.20,1.94,2.02,1.89,,2.01,,2.21,1.94,2.10,1.98,2.70,,2.29,2.37,1.91,,,2.05,2.62,,3.35,2.04,1.99,1.93,,2.31,1.98,,,,1.91,2.36,,1.81,2.02,2.65,1.98,,2.30,2.02,1.93,2.93
CO,,1.55,1.64,2.64,,1.91,3.56,,,1.82,2.02,1.91,2.28,1.69,1.88,1.89,1.80,1.66,,,,,,1.98,1.74,1.51,2.21,,1.78,2.73,2.06,,,,2.51,,2.66,1.99,1.70,2.11,,2.09,1.89,,,,2.54,2.50,,2.00,1.67,2.46,,,2.06,1.60,,3.53
CT,,2.52,,,,2.11,,,,2.09,,,,2.43,2.17,,1.72,,,,2.26,3.51,2.15,,,,,,1.94,,,,,3.37,,,,3.32,2.09,,,,2.93,,,,1.94,,,,2.25,,2.57,,,,2.54,
DE,,,,,,,,5.29,,2.48,2.31,,,2.03,1.94,,,,4.05,,,,2.10,,,,,,2.16,,,,,,,,,4.06,2.01,,,,,,,,,,,1.91,,,3.18,,,,,
FL,,1.76,1.94,2.09,,2.01,2.01,2.38,2.13,2.84,2.06,1.77,,1.97,1.86,1.76,1.85,1.97,2.18,,2.15,,1.96,1.97,1.93,1.74,,,1.78,,2.42,,,2.02,2.21,,1.88,2.44,2.03,2.09,1.90,,2.02,,,,2.08,,,1.76,1.90,,2.01,,1.92,1.96,2.49,
GA,1.98,2.91,2.49,2.31,,2.10,2.74,2.51,2.97,3.10,3.53,2.28,2.33,2.24,2.47,2.48,2.70,2.26,2.92,,2.75,2.49,2.28,2.21,2.31,2.51,2.25,,3.01,2.27,2.27,,2.68,2.80,2.58,,2.53,2.82,2.34,2.30,2.07,2.08,2.65,,,,3.41,,,3.01,2.15,2.50,2.97,,2.07,2.34,2.54,2.88
IA,,2.25,2.45,2.85,,2.48,3.48,,,2.49,2.33,3.31,,3.31,2.91,2.97,2.44,2.21,,,2.80,,2.79,3.60,3.27,2.02,3.48,,2.42,3.23,3.59,,,2.92,,,2.40,3.25,2.58,2.51,1.86,2.38,2.81,,,,2.61,3.55,,2.32,2.34,,2.69,,2.64,3.07,,
ID,,,,2.18,,2.29,2.58,,,2.08,1.86,,3.80,1.97,1.95,2.21,,1.80,,,2.32,,,,1.94,,3.38,,1.93,,1.99,,,,2.43,,2.72,2.17,1.98,,,2.66,,,,,,,,,1.99,2.95,,,2.50,2.02,,
IL,1.79,2.15,2.57,2.43,,2.33,3.37,3.02,2.70,2.65,2.54,3.87,2.56,3.73,3.86,2.98,3.37,1.97,3.17,1.94,2.97,,3.81,3.29,3.16,2.53,3.10,,2.64,2.94,3.26,,3.13,3.05,2.97,,2.57,3.07,3.20,2.64,2.26,2.17,2.91,,1.87,,2.30,3.26,,2.57,2.29,2.77,2.81,,2.35,3.93,3.08,3.33
IN,1.95,2.53,2.27,2.20,,2.16,2.98,3.07,3.29,2.58,2.51,3.54,2.46,3.83,4.30,3.04,3.56,2.19,3.52,,3.77,2.94,3.80,3.18,3.38,2.43,3.05,,2.67,3.27,2.95,,3.14,3.01,2.58,,2.32,3.43,3.75,2.55,2.32,2.08,3.23,,,3.19,2.65,3.10,,2.89,2.34,2.51,3.14,,2.40,3.83,3.48,3.03
KS,,2.05,2.46,2.88,,2.51,3.37,,,2.54,2.08,2.88,2.63,2.12,2.10,3.87,2.10,2.22,,,,,2.41,2.16,3.06,1.95,,,2.18,3.14,3.51,,,2.24,3.19,,2.97,2.82,2.22,3.43,2.32,2.29,2.22,,,,2.19,,,2.04,2.25,3.01,2.49,,2.45,2.25,,3.77
KY,,2.88,2.86,2.57,,2.17,3.35,3.58,3.64,2.85,2.87,3.25,,3.07,3.55,2.82,4.28,2.36,3.44,,3.53,3.37,3.16,2.87,3.17,2.64,2.22,,3.22,,3.24,,3.14,3.43,,,,3.95,3.51,2.73,3.22,,3.30,,,3.64,2.91,,,3.88,2.67,2.56,3.57,,2.25,2.97,3.69,
LA,,2.92,2.79,2.68,,2.43,3.21,,,2.58,2.45,2.60,,2.27,2.43,2.85,3.06,4.29,2.48,,,,2.38,,2.84,3.33,,,2.64,,2.99,,,2.22,,,,2.66,2.44,2.71,,2.62,2.52,,,,2.45,,,2.50,3.15,2.45,2.81,,2.65,2.21,2.92,
MA,,,,,,2.13,,,,1.92,1.69,,,1.96,1.72,,1.60,,,,2.51,3.77,2.23,,1.85,,,,1.70,,,,,3.05,,,,3.49,1.70,,,,2.60,,,,1.76,,,1.99,2.10,2.09,2.02,,,1.85,,
MB,,,,,,,,,,,,,,,,,,,,,,,,,,,,,,,,,,,,,,,,,1.76,,,,,,,,3.58,,,,,,,,,
MD,,1.89,2.33,,,2.08,,4.79,3.81,2.27,2.11,2.44,,2.26,2.22,2.23,2.12,2.10,4.01,,,3.44,2.29,2.11,2.20,,,,2.48,,2.10,,4.06,4.64,,,2.27,4.25,2.80,,3.40,,3.86,,3.25,,2.28,,,2.06,1.83,2.81,3.82,3.55,2.71,2.40,3.09,
ME,,,,,,,,3.71,,,,,,,,,,,4.14,,,,,,,,,,,,,,,3.02,,,,3.33,,,3.61,,2.61,,,,,,,,,,,,,,,
MI,,2.39,2.63,2.33,,2.27,2.99,3.59,,2.49,2.54,3.40,,3.32,3.87,2.97,3.09,2.41,3.06,,3.23,,4.32,3.28,3.02,2.33,,,2.71,,2.83,,3.78,3.13,3.10,,2.58,3.58,3.77,2.35,4.79,,3.34,,,,2.64,2.96,,2.69,2.27,2.96,3.16,,2.41,3.58,2.89,
MN,,1.85,2.25,2.34,,2.42,3.06,2.19,,2.30,2.21,2.85,,2.24,2.14,2.34,2.19,2.13,2.52,,2.31,,2.27,4.03,2.27,1.85,,,2.03,3.57,2.89,,,2.58,,,2.76,2.41,2.29,2.63,,,2.24,,,,2.29,3.05,,2.00,2.20,2.92,2.40,,2.52,2.93,,3.00
MO,,2.17,2.71,2.61,,2.43,3.52,2.88,,2.65,2.31,3.15,2.39,2.73,2.96,3.56,2.81,2.28,2.87,,2.69,,2.79,2.98,3.80,2.35,,,2.81,3.38,3.18,,,2.87,3.28,,3.06,3.06,2.63,2.77,2.30,2.48,2.72,,,,2.98,3.30,,2.67,2.39,2.79,2.74,,2.39,2.70,2.01,3.20
MS,,3.52,3.11,2.47,,2.42,3.21,2.88,,3.05,3.13,3.20,,2.81,3.25,2.67,3.30,3.14,3.08,,,2.93,2.99,2.70,3.15,3.91,,,2.81,,3.17,,,2.73,3.22,,2.12,2.86,2.58,3.33,,,2.90,,,,2.81,,,3.42,2.99,2.35,3.22,,2.21,2.70,3.13,
MT,2.82,,,2.30,,2.32,2.31,,,,,,2.72,1.75,,,,,,,,,,,,,3.81,,,,,,,,,,,,2.07,,,,,,,,,,,,1.90,2.56,,,2.62,,,
NB,,,,,,,,,,,,,,,,,,,,,,,,,,,,,,,,,,,,,,,,,,,,,,,,,,,,,,,,,,
NC,,2.27,2.20,2.36,,2.12,2.63,3.24,3.15,2.63,2.69,2.84,1.91,2.36,2.35,2.31,2.38,2.24,3.17,,3.48,3.29,2.65,2.30,2.20,2.19,,,4.40,,2.43,,3.10,3.27,,,1.82,3.36,2.53,2.12,2.40,2.39,3.16,,,,3.16,2.45,,2.50,2.09,2.19,3.71,,2.49,2.34,3.48,
ND,,,,,,2.39,2.96,,,,,2.57,2.63,2.18,2.05,2.42,,,,,,,2.04,2.65,2.93,,3.81,,2.04,4.94,2.56,,,,,,,,2.42,1.92,,,,,,,,2.98,,,2.10,2.96,,,,2.14,,
NE,1.64,1.86,2.46,2.56,,2.21,3.60,,,2.35,2.18,3.40,,2.17,1.99,3.47,2.16,2.17,,,2.38,,2.15,2.55,2.99,2.18,3.56,,1.88,2.98,3.53,,,2.54,,,,2.35,2.15,2.46,,,2.33,,,,2.16,3.81,,1.94,2.40,2.81,,,2.48,2.27,,
NF,,,,,,,,,,,,,,,,,,,,,,,,,,,,,,,,,,,,,,,,,,,,,,,,,,,,,,,,,,
NH,,,,1.96,,1.85,,,,2.18,1.90,,,,2.16,,,,,,3.33,,1.87,,,,,,2.87,,,,,2.90,,,,4.08,1.77,1.93,,,2.66,,,,,,,,1.89,,2.74,,,,,
NJ,,2.04,1.99,1.77,,1.88,2.30,5.04,,2.25,1.93,1.93,2.10,2.04,2.06,1.89,1.89,1.58,4.58,,4.01,3.14,2.13,2.28,1.99,,,,2.38,,2.04,,4.09,,2.09,,,4.15,2.09,,2.27,,3.49,,,4.89,2.03,,,1.90,1.69,2.01,3.30,,,1.97,2.28,
NM,,1.89,,2.40,,2.11,3.07,,,2.02,1.90,2.40,,1.60,1.72,2.34,,1.75,,,,,,,1.82,2.01,,,,,,,,,3.11,,,,,2.17,,,,,,,,,,,2.11,2.65,,,,1.99,,
NS,,,,,,,,,,,,,,,,,,,,,,,,,,,,,,,,,,,,,,,,,2.53,,,,,,,,,,,,,,,,,
NV,,,,3.07,1.88,2.95,2.88,,,1.85,1.95,,2.60,1.84,,1.92,,,,,,,,,,,2.92,,2.12,,2.00,,,,2.59,,2.57,,2.16,,2.76,2.38,1.81,,,,1.96,,,,1.94,2.86,1.90,,2.31,1.97,,
NY,,2.18,2.08,,,2.12,2.38,4.43,4.05,2.27,2.19,2.41,2.39,2.25,2.28,,1.92,2.08,4.39,,3.56,3.48,2.69,2.28,2.30,1.86,,,2.11,,2.21,,3.61,3.97,,,2.03,4.33,2.37,2.18,2.88,,3.46,,,4.04,2.32,,,2.16,2.10,,2.55,3.87,1.91,2.10,2.59,
OH,1.72,2.36,2.45,2.23,,2.07,2.91,3.31,3.39,2.73,2.55,2.83,2.55,2.95,3.53,2.62,3.38,2.20,3.30,,4.17,3.16,3.77,2.94,2.74,2.35,2.73,,2.98,2.79,2.82,,3.37,3.65,2.85,,2.19,3.90,4.18,2.39,3.14,2.36,3.96,,2.89,3.10,2.54,2.62,,2.80,2.17,2.64,3.70,,2.12,2.87,4.02,
OK,1.87,2.08,2.60,2.53,,2.40,3.01,,,2.22,2.28,2.44,2.46,2.18,2.44,3.74,2.04,2.17,,,2.27,,2.13,2.59,2.60,1.87,,,2.20,2.75,2.75,,,2.24,3.17,,2.65,2.63,2.24,3.65,,2.74,2.16,,,,2.32,2.54,,2.23,2.74,2.72,2.14,,2.46,2.05,2.45,3.24
ON,2.29,2.45,,,,2.32,,3.79,,2.53,2.88,,,2.68,2.82,,,,,,,,4.02,3.20,,,,2.63,,,,,,3.71,,2.35,,3.94,3.44,,4.15,,3.78,,3.01,,3.13,,,,2.48,,3.68,,,3.36,,
OR,2.61,,,2.54,3.82,2.90,3.08,1.99,,2.04,1.82,,3.72,1.90,1.91,2.13,,1.53,2.13,,,,1.93,2.27,2.13,1.86,3.33,,1.84,,2.27,,,,2.49,,3.06,2.18,1.89,2.01,,4.05,1.96,,,,,2.58,,1.95,2.05,3.06,,,3.86,2.15,,
PA,,2.03,2.13,1.98,,1.95,2.39,4.21,3.83,2.46,2.10,2.24,2.36,2.27,2.40,2.20,2.32,2.07,3.98,,4.94,3.59,2.68,2.33,2.21,2.21,2.03,,2.35,2.09,2.32,,3.44,4.78,1.92,,2.12,4.76,2.99,2.09,2.56,1.86,4.15,,2.82,3.87,2.10,2.52,,2.08,1.97,2.22,3.54,3.39,1.97,2.25,3.48,
PE,,,,,,,,,,,,,,,,,,,,,,,,,,,,,,,,,,,,,,,,,,,,,,,,,,,,,,,,,,
PQ,,,,,,,,,,2.76,,,,,,,,,,,,,,,,,,,,,,,,,,,,,,,3.18,,3.68,,3.68,,,,,,2.73,,,,,,,
RI,,,,,,,,,,,,,,,,,,,,,,,,,,,,,,,,,,3.35,,,,4.45,1.75,,,,,,,,,,,,,,,,,,,
SC,,2.51,2.05,2.39,,2.11,2.56,3.18,2.75,2.99,3.58,2.59,,2.41,2.42,2.25,2.54,2.18,3.01,,3.19,2.88,2.49,2.72,2.31,2.20,,,3.66,,1.93,,2.70,3.21,2.30,,2.16,3.20,2.58,2.15,2.15,2.20,3.07,,,2.96,4.01,,,2.72,2.16,2.13,3.26,,2.03,2.48,2.78,
SD,,,,,,2.35,3.43,,,2.00,1.88,2.82,2.71,2.23,2.04,2.18,,,,,,,2.31,3.03,2.33,,,,2.20,2.99,4.18,,,,,,,,2.33,2.21,,,2.12,,,,,4.44,,,2.08,2.92,2.43,,2.44,2.51,,
SK,2.71,,,,,,,,,,,,,,,,,,,,,,,,,,,,,,,,,,,,,,,,,,,,,,,,,,,,,,,,,
TN,,3.51,2.99,2.67,,2.28,3.09,3.15,,2.89,3.37,3.35,,2.81,3.21,2.60,3.79,2.65,3.08,,3.36,,2.77,2.56,3.16,2.87,,,3.21,,2.26,,3.26,3.16,,,2.41,3.19,2.97,2.85,2.27,2.29,3.00,,,,3.10,,,3.64,2.73,2.77,2.93,,2.79,2.73,3.50,
TX,1.95,2.01,2.26,2.47,1.87,2.24,3.06,2.13,2.41,2.21,2.09,2.46,2.52,2.08,2.14,2.61,2.06,2.77,2.19,,2.21,2.29,2.16,2.44,2.38,2.13,2.66,,2.14,2.70,2.75,,2.31,2.21,3.02,,2.43,2.37,2.12,2.93,1.89,2.24,2.15,,1.98,1.86,2.20,2.73,,2.05,2.89,2.61,2.30,,2.18,2.18,2.21,2.84
UT,,,,2.13,,2.21,2.75,,,2.03,1.85,2.01,2.90,1.83,1.77,2.07,,,,,,,2.14,2.04,1.90,2.13,3.15,,2.13,2.73,2.09,,,,2.68,,2.45,1.88,2.28,1.78,,2.25,1.87,,,,2.04,2.57,,1.80,1.89,3.37,2.33,,2.24,,,2.91
VA,,2.21,1.88,2.18,,1.95,2.46,3.74,4.18,2.43,2.38,2.37,,2.24,2.36,2.41,2.76,2.07,3.13,,3.88,,2.27,2.32,2.29,2.15,,,2.99,,2.15,,3.33,3.56,,,2.45,3.73,2.54,2.15,2.40,,3.28,,2.02,,2.88,,,2.27,2.03,2.21,4.28,,1.97,2.45,3.42,
VT,,,,,,,,,,,,,,,,,,,3.64,,,3.91,,,,,,,,,,,,,,,,3.27,,,,,2.22,,,,,,,,1.90,,,,,,,
WA,2.42,1.86,2.16,2.71,3.96,2.65,2.90,2.38,,2.06,1.96,1.97,3.79,2.01,1.99,2.16,2.21,2.12,1.96,,,,2.05,2.13,1.95,,3.75,,1.94,2.56,2.22,,,2.05,2.75,,2.77,2.15,1.96,2.21,,3.72,1.88,,,,,,,1.94,1.94,2.83,2.00,,4.19,2.02,,3.31
WI,,2.29,2.26,2.33,,2.08,3.17,2.91,3.13,2.44,2.47,3.65,2.67,3.09,3.25,2.74,2.53,2.14,2.34,,3.14,,2.80,3.31,2.78,2.41,,,2.53,3.31,2.74,,,3.12,,,2.39,3.02,2.75,2.71,2.62,2.63,2.61,,,,2.34,2.90,,2.35,2.20,2.35,2.58,,2.57,3.64,,
WV,,2.53,,,,2.43,,3.74,,2.71,2.77,,,2.72,2.89,,3.25,,3.72,,4.49,,2.74,3.01,,,,,3.04,,,,,4.30,,,,4.16,3.89,3.03,,,4.13,,,,2.43,,,3.05,2.19,,4.00,,,2.61,,
WY,,,,2.68,,2.50,4.05,,,1.98,1.76,1.55,,1.68,2.33,2.53,,,,,,,,,2.24,,,,,2.76,2.01,,,,2.52,,2.61,,1.91,1.85,,,1.94,,,,,2.52,,,1.89,3.20,,,2.27,2.07,,3.52